SKU_ID,Mfg_Part_Num,Part_Desc,E1_Brand,Part_Manuf,MANUFACTURER_NAME,BRAND_NAME,TRADE_NAME,Classpath,MOBILE_DESC,INVOICE_DESC,UNSPSC,ATTRIBUTE_LABEL_1,ATTRIBUTE_VALUE_1,ATTRIBUTE_UOM_1,ATTRIBUTE_LABEL_2,ATTRIBUTE_VALUE_2,ATTRIBUTE_UOM_2,ATTRIBUTE_LABEL_3,ATTRIBUTE_VALUE_3,ATTRIBUTE_UOM_3,ATTRIBUTE_LABEL_4,ATTRIBUTE_VALUE_4,ATTRIBUTE_UOM_4,ATTRIBUTE_LABEL_5,ATTRIBUTE_VALUE_5,ATTRIBUTE_UOM_5
GT200-SKU-001,PDSH4816AF-V01,PDSH4816AF Dishwasher SS Built-In Variant 1,-- Unbranded --,Appliance Dealers Cooperative (APPDE),Rheem Manufacturing,FRIGIDAIRE®,FRIGIDAIRE,Appliances & Consumer Electronics>Kitchen Appliances>Built-In Dishwashers,"• FRIGIDAIRE® PDSH4816AF Dishwasher SS Built-In
• High Durability Industrial Grade",FRIGIDAIRE PDSH4816AF DISHWASHER SS BUILT,40100000,Voltage Rating,120,V,Amperage Rating,15,A,Sound Level,47,dBA,Material,Stainless Steel,,Depth With Door Open,50-1/4,in
GT200-SKU-002,WDTS7024RZ-V01,WDTS7024RZ Eco Series Dishwasher SS Variant 1,-- Unbranded --,Appliance Dealers Cooperative (APPDE),Whirlpool Corporation,Whirlpool®,Whirlpool,Appliances & Consumer Electronics>Kitchen Appliances>Built-In Dishwashers,"• Whirlpool® WDTS7024RZ Eco Series Dishwasher SS
• High Durability Industrial Grade",WHIRLPOOL WDTS7024RZ ECO SERIES DISHWASH,40100001,Voltage Rating,120,V,Amperage Rating,10,A,Sound Level,41,dBA,Material,Stainless Steel,,Depth With Door Open,50-3/16,in
GT200-SKU-003,D0724A-V01,Framing Saw Blade 7-1/4 in 24T Variant 1,-- Unbranded --,Freud Inc (2435),Freud Inc,Diablo®,Diablo,Tools & Hardware>Power Tool Accessories>Saw Blades,"• Diablo® Framing Saw Blade 7-1/4 in 24T
• High Durability Industrial Grade",DIABLO FRAMING SAW BLADE 7-1/4 IN 24T,40100002,Blade Diameter,7-1/4,in,Number of Teeth,24,,Arbor Size,5/8,in,Kerf Thickness,0.059,in,Material,Carbide,
GT200-SKU-004,3MABR-V01,Cubitron II Cut-Off Wheel 4-1/2 in Variant 1,-- Unbranded --,3 M Co (5293),3 M Co,3M®,3M,Tools & Hardware>Abrasives>Bonded Abrasives>Cut-Off Wheels,"• 3M® Cubitron II Cut-Off Wheel 4-1/2 in
• High Durability Industrial Grade",3M CUBITRON II CUT-OFF WHEEL 4-1/,40100003,Wheel Diameter,4-1/2,in,Thickness,0.045,in,Arbor Hole Size,7/8,in,Maximum Speed,13300,rpm,Abrasive Material,Precision Shaped Grain,
GT200-SKU-005,AUTONET-V01,Abranet 6 in Grip Mesh Disc 180 Grit Variant 1,-- Unbranded --,Mirka Abrasives Inc (MIRUS),Mirka Abrasives Inc,Mirka®,Mirka,Tools & Hardware>Abrasives>Coated Abrasives>Sanding Discs,"• Mirka® Abranet 6 in Grip Mesh Disc 180 Grit
• High Durability Industrial Grade",MIRKA ABRANET 6 IN GRIP MESH DISC 18,40100004,Disc Diameter,6,in,Grit,180,,Backing Weight,Mesh,,Abrasive Material,Aluminum Oxide,,Attachment Type,Grip,
GT200-SKU-006,KRAFTFORM-V01,Kraftform Plus Slotted Screwdriver 1/4 in Variant 1,-- Unbranded --,Wera Tools NA Inc (WERTO),Wera Tools NA Inc,Wera®,Wera,Tools & Hardware>Hand Tools>Screwdrivers,"• Wera® Kraftform Plus Slotted Screwdriver 1/4 in
• High Durability Industrial Grade",WERA KRAFTFORM PLUS SLOTTED SCREWDR,40100005,Tip Size,1/4,in,Shank Length,4,in,Handle Material,Multi-Component,,Overall Length,8-1/2,in,Tip Type,Slotted,
GT200-SKU-007,SHOCKWAVE-V01,Shockwave Impact Duty Insert Bit PH2 Variant 1,-- Unbranded --,Milwaukee Accessory (4031),Milwaukee Accessory,Milwaukee®,Milwaukee,Tools & Hardware>Power Tool Accessories>Driver Bits,"• Milwaukee® Shockwave Impact Duty Insert Bit PH2
• High Durability Industrial Grade",MILWAUKEE SHOCKWAVE IMPACT DUTY INSERT B,40100006,Drive Size,1/4,in,Bit Size,PH2,,Overall Length,1,in,Material,Alloy Steel,,Shank Type,Hex,
GT200-SKU-008,5362-W-V01,Extra Heavy Duty Industrial Grade Duplex Receptacle 20A 125V Variant 1,-- Unbranded --,Leviton Mfg Co (4927),Leviton Mfg Co,Leviton®,Leviton,Electrical & Lighting>Wiring Devices>Receptacles,"• Leviton® Extra Heavy Duty Industrial Grade Duplex Receptacle 20A 125V
• High Durability Industrial Grade",LEVITON EXTRA HEAVY DUTY INDUSTRIAL GR,40100007,Voltage Rating,125,V,Amperage Rating,20,A,NEMA Configuration,5-20R,,Number of Poles,2,,Color,White,
GT200-SKU-009,AH5966Y-V01,Arrow Hart Safety Grip Heavy Duty Plug 15A 125V Variant 1,-- Unbranded --,Cooper Wiring Devices (3560),Cooper Wiring Devices,Cooper®,Cooper,Electrical & Lighting>Wiring Devices>Plugs & Connectors,"• Cooper® Arrow Hart Safety Grip Heavy Duty Plug 15A 125V
• High Durability Industrial Grade",COOPER ARROW HART SAFETY GRIP HEAVY D,40100008,Voltage Rating,125,V,Amperage Rating,15,A,NEMA Configuration,5-15P,,Number of Wires,3,,Material,Nylon,
GT200-SKU-010,TYPE-X-V01,Fire-Rated Type X Gypsum Board 5/8 in x 4 ft x 8 ft Variant 1,-- Unbranded --,Certainteed Gypsum (2765),Certainteed Gypsum,CertainTeed®,CertainTeed,Building Materials>Drywall>Gypsum Panels,"• CertainTeed® Fire-Rated Type X Gypsum Board 5/8 in x 4 ft x 8 ft
• High Durability Industrial Grade",CERTAINTEED FIRE-RATED TYPE X GYPSUM BOARD,40100009,Thickness,5/8,in,Width,4,ft,Length,8,ft,Fire Rating,Type X,,Edge Detail,Tapered,
GT200-SKU-011,PDSH4816AF-V02,PDSH4816AF Dishwasher SS Built-In Variant 2,-- Unbranded --,Appliance Dealers Cooperative (APPDE),Rheem Manufacturing,FRIGIDAIRE®,FRIGIDAIRE,Appliances & Consumer Electronics>Kitchen Appliances>Built-In Dishwashers,"• FRIGIDAIRE® PDSH4816AF Dishwasher SS Built-In
• High Durability Industrial Grade",FRIGIDAIRE PDSH4816AF DISHWASHER SS BUILT,40100010,Voltage Rating,120,V,Amperage Rating,15,A,Sound Level,47,dBA,Material,Stainless Steel,,Depth With Door Open,50-1/4,in
GT200-SKU-012,WDTS7024RZ-V02,WDTS7024RZ Eco Series Dishwasher SS Variant 2,-- Unbranded --,Appliance Dealers Cooperative (APPDE),Whirlpool Corporation,Whirlpool®,Whirlpool,Appliances & Consumer Electronics>Kitchen Appliances>Built-In Dishwashers,"• Whirlpool® WDTS7024RZ Eco Series Dishwasher SS
• High Durability Industrial Grade",WHIRLPOOL WDTS7024RZ ECO SERIES DISHWASH,40100011,Voltage Rating,120,V,Amperage Rating,10,A,Sound Level,41,dBA,Material,Stainless Steel,,Depth With Door Open,50-3/16,in
GT200-SKU-013,D0724A-V02,Framing Saw Blade 7-1/4 in 24T Variant 2,-- Unbranded --,Freud Inc (2435),Freud Inc,Diablo®,Diablo,Tools & Hardware>Power Tool Accessories>Saw Blades,"• Diablo® Framing Saw Blade 7-1/4 in 24T
• High Durability Industrial Grade",DIABLO FRAMING SAW BLADE 7-1/4 IN 24T,40100012,Blade Diameter,7-1/4,in,Number of Teeth,24,,Arbor Size,5/8,in,Kerf Thickness,0.059,in,Material,Carbide,
GT200-SKU-014,3MABR-V02,Cubitron II Cut-Off Wheel 4-1/2 in Variant 2,-- Unbranded --,3 M Co (5293),3 M Co,3M®,3M,Tools & Hardware>Abrasives>Bonded Abrasives>Cut-Off Wheels,"• 3M® Cubitron II Cut-Off Wheel 4-1/2 in
• High Durability Industrial Grade",3M CUBITRON II CUT-OFF WHEEL 4-1/,40100013,Wheel Diameter,4-1/2,in,Thickness,0.045,in,Arbor Hole Size,7/8,in,Maximum Speed,13300,rpm,Abrasive Material,Precision Shaped Grain,
GT200-SKU-015,AUTONET-V02,Abranet 6 in Grip Mesh Disc 180 Grit Variant 2,-- Unbranded --,Mirka Abrasives Inc (MIRUS),Mirka Abrasives Inc,Mirka®,Mirka,Tools & Hardware>Abrasives>Coated Abrasives>Sanding Discs,"• Mirka® Abranet 6 in Grip Mesh Disc 180 Grit
• High Durability Industrial Grade",MIRKA ABRANET 6 IN GRIP MESH DISC 18,40100014,Disc Diameter,6,in,Grit,180,,Backing Weight,Mesh,,Abrasive Material,Aluminum Oxide,,Attachment Type,Grip,
GT200-SKU-016,KRAFTFORM-V02,Kraftform Plus Slotted Screwdriver 1/4 in Variant 2,-- Unbranded --,Wera Tools NA Inc (WERTO),Wera Tools NA Inc,Wera®,Wera,Tools & Hardware>Hand Tools>Screwdrivers,"• Wera® Kraftform Plus Slotted Screwdriver 1/4 in
• High Durability Industrial Grade",WERA KRAFTFORM PLUS SLOTTED SCREWDR,40100015,Tip Size,1/4,in,Shank Length,4,in,Handle Material,Multi-Component,,Overall Length,8-1/2,in,Tip Type,Slotted,
GT200-SKU-017,SHOCKWAVE-V02,Shockwave Impact Duty Insert Bit PH2 Variant 2,-- Unbranded --,Milwaukee Accessory (4031),Milwaukee Accessory,Milwaukee®,Milwaukee,Tools & Hardware>Power Tool Accessories>Driver Bits,"• Milwaukee® Shockwave Impact Duty Insert Bit PH2
• High Durability Industrial Grade",MILWAUKEE SHOCKWAVE IMPACT DUTY INSERT B,40100016,Drive Size,1/4,in,Bit Size,PH2,,Overall Length,1,in,Material,Alloy Steel,,Shank Type,Hex,
GT200-SKU-018,5362-W-V02,Extra Heavy Duty Industrial Grade Duplex Receptacle 20A 125V Variant 2,-- Unbranded --,Leviton Mfg Co (4927),Leviton Mfg Co,Leviton®,Leviton,Electrical & Lighting>Wiring Devices>Receptacles,"• Leviton® Extra Heavy Duty Industrial Grade Duplex Receptacle 20A 125V
• High Durability Industrial Grade",LEVITON EXTRA HEAVY DUTY INDUSTRIAL GR,40100017,Voltage Rating,125,V,Amperage Rating,20,A,NEMA Configuration,5-20R,,Number of Poles,2,,Color,White,
GT200-SKU-019,AH5966Y-V02,Arrow Hart Safety Grip Heavy Duty Plug 15A 125V Variant 2,-- Unbranded --,Cooper Wiring Devices (3560),Cooper Wiring Devices,Cooper®,Cooper,Electrical & Lighting>Wiring Devices>Plugs & Connectors,"• Cooper® Arrow Hart Safety Grip Heavy Duty Plug 15A 125V
• High Durability Industrial Grade",COOPER ARROW HART SAFETY GRIP HEAVY D,40100018,Voltage Rating,125,V,Amperage Rating,15,A,NEMA Configuration,5-15P,,Number of Wires,3,,Material,Nylon,
GT200-SKU-020,TYPE-X-V02,Fire-Rated Type X Gypsum Board 5/8 in x 4 ft x 8 ft Variant 2,-- Unbranded --,Certainteed Gypsum (2765),Certainteed Gypsum,CertainTeed®,CertainTeed,Building Materials>Drywall>Gypsum Panels,"• CertainTeed® Fire-Rated Type X Gypsum Board 5/8 in x 4 ft x 8 ft
• High Durability Industrial Grade",CERTAINTEED FIRE-RATED TYPE X GYPSUM BOARD,40100019,Thickness,5/8,in,Width,4,ft,Length,8,ft,Fire Rating,Type X,,Edge Detail,Tapered,
GT200-SKU-021,PDSH4816AF-V03,PDSH4816AF Dishwasher SS Built-In Variant 3,-- Unbranded --,Appliance Dealers Cooperative (APPDE),Rheem Manufacturing,FRIGIDAIRE®,FRIGIDAIRE,Appliances & Consumer Electronics>Kitchen Appliances>Built-In Dishwashers,"• FRIGIDAIRE® PDSH4816AF Dishwasher SS Built-In
• High Durability Industrial Grade",FRIGIDAIRE PDSH4816AF DISHWASHER SS BUILT,40100020,Voltage Rating,120,V,Amperage Rating,15,A,Sound Level,47,dBA,Material,Stainless Steel,,Depth With Door Open,50-1/4,in
GT200-SKU-022,WDTS7024RZ-V03,WDTS7024RZ Eco Series Dishwasher SS Variant 3,-- Unbranded --,Appliance Dealers Cooperative (APPDE),Whirlpool Corporation,Whirlpool®,Whirlpool,Appliances & Consumer Electronics>Kitchen Appliances>Built-In Dishwashers,"• Whirlpool® WDTS7024RZ Eco Series Dishwasher SS
• High Durability Industrial Grade",WHIRLPOOL WDTS7024RZ ECO SERIES DISHWASH,40100021,Voltage Rating,120,V,Amperage Rating,10,A,Sound Level,41,dBA,Material,Stainless Steel,,Depth With Door Open,50-3/16,in
GT200-SKU-023,D0724A-V03,Framing Saw Blade 7-1/4 in 24T Variant 3,-- Unbranded --,Freud Inc (2435),Freud Inc,Diablo®,Diablo,Tools & Hardware>Power Tool Accessories>Saw Blades,"• Diablo® Framing Saw Blade 7-1/4 in 24T
• High Durability Industrial Grade",DIABLO FRAMING SAW BLADE 7-1/4 IN 24T,40100022,Blade Diameter,7-1/4,in,Number of Teeth,24,,Arbor Size,5/8,in,Kerf Thickness,0.059,in,Material,Carbide,
GT200-SKU-024,3MABR-V03,Cubitron II Cut-Off Wheel 4-1/2 in Variant 3,-- Unbranded --,3 M Co (5293),3 M Co,3M®,3M,Tools & Hardware>Abrasives>Bonded Abrasives>Cut-Off Wheels,"• 3M® Cubitron II Cut-Off Wheel 4-1/2 in
• High Durability Industrial Grade",3M CUBITRON II CUT-OFF WHEEL 4-1/,40100023,Wheel Diameter,4-1/2,in,Thickness,0.045,in,Arbor Hole Size,7/8,in,Maximum Speed,13300,rpm,Abrasive Material,Precision Shaped Grain,
GT200-SKU-025,AUTONET-V03,Abranet 6 in Grip Mesh Disc 180 Grit Variant 3,-- Unbranded --,Mirka Abrasives Inc (MIRUS),Mirka Abrasives Inc,Mirka®,Mirka,Tools & Hardware>Abrasives>Coated Abrasives>Sanding Discs,"• Mirka® Abranet 6 in Grip Mesh Disc 180 Grit
• High Durability Industrial Grade",MIRKA ABRANET 6 IN GRIP MESH DISC 18,40100024,Disc Diameter,6,in,Grit,180,,Backing Weight,Mesh,,Abrasive Material,Aluminum Oxide,,Attachment Type,Grip,
GT200-SKU-026,KRAFTFORM-V03,Kraftform Plus Slotted Screwdriver 1/4 in Variant 3,-- Unbranded --,Wera Tools NA Inc (WERTO),Wera Tools NA Inc,Wera®,Wera,Tools & Hardware>Hand Tools>Screwdrivers,"• Wera® Kraftform Plus Slotted Screwdriver 1/4 in
• High Durability Industrial Grade",WERA KRAFTFORM PLUS SLOTTED SCREWDR,40100025,Tip Size,1/4,in,Shank Length,4,in,Handle Material,Multi-Component,,Overall Length,8-1/2,in,Tip Type,Slotted,
GT200-SKU-027,SHOCKWAVE-V03,Shockwave Impact Duty Insert Bit PH2 Variant 3,-- Unbranded --,Milwaukee Accessory (4031),Milwaukee Accessory,Milwaukee®,Milwaukee,Tools & Hardware>Power Tool Accessories>Driver Bits,"• Milwaukee® Shockwave Impact Duty Insert Bit PH2
• High Durability Industrial Grade",MILWAUKEE SHOCKWAVE IMPACT DUTY INSERT B,40100026,Drive Size,1/4,in,Bit Size,PH2,,Overall Length,1,in,Material,Alloy Steel,,Shank Type,Hex,
GT200-SKU-028,5362-W-V03,Extra Heavy Duty Industrial Grade Duplex Receptacle 20A 125V Variant 3,-- Unbranded --,Leviton Mfg Co (4927),Leviton Mfg Co,Leviton®,Leviton,Electrical & Lighting>Wiring Devices>Receptacles,"• Leviton® Extra Heavy Duty Industrial Grade Duplex Receptacle 20A 125V
• High Durability Industrial Grade",LEVITON EXTRA HEAVY DUTY INDUSTRIAL GR,40100027,Voltage Rating,125,V,Amperage Rating,20,A,NEMA Configuration,5-20R,,Number of Poles,2,,Color,White,
GT200-SKU-029,AH5966Y-V03,Arrow Hart Safety Grip Heavy Duty Plug 15A 125V Variant 3,-- Unbranded --,Cooper Wiring Devices (3560),Cooper Wiring Devices,Cooper®,Cooper,Electrical & Lighting>Wiring Devices>Plugs & Connectors,"• Cooper® Arrow Hart Safety Grip Heavy Duty Plug 15A 125V
• High Durability Industrial Grade",COOPER ARROW HART SAFETY GRIP HEAVY D,40100028,Voltage Rating,125,V,Amperage Rating,15,A,NEMA Configuration,5-15P,,Number of Wires,3,,Material,Nylon,
GT200-SKU-030,TYPE-X-V03,Fire-Rated Type X Gypsum Board 5/8 in x 4 ft x 8 ft Variant 3,-- Unbranded --,Certainteed Gypsum (2765),Certainteed Gypsum,CertainTeed®,CertainTeed,Building Materials>Drywall>Gypsum Panels,"• CertainTeed® Fire-Rated Type X Gypsum Board 5/8 in x 4 ft x 8 ft
• High Durability Industrial Grade",CERTAINTEED FIRE-RATED TYPE X GYPSUM BOARD,40100029,Thickness,5/8,in,Width,4,ft,Length,8,ft,Fire Rating,Type X,,Edge Detail,Tapered,
GT200-SKU-031,PDSH4816AF-V04,PDSH4816AF Dishwasher SS Built-In Variant 4,-- Unbranded --,Appliance Dealers Cooperative (APPDE),Rheem Manufacturing,FRIGIDAIRE®,FRIGIDAIRE,Appliances & Consumer Electronics>Kitchen Appliances>Built-In Dishwashers,"• FRIGIDAIRE® PDSH4816AF Dishwasher SS Built-In
• High Durability Industrial Grade",FRIGIDAIRE PDSH4816AF DISHWASHER SS BUILT,40100030,Voltage Rating,120,V,Amperage Rating,15,A,Sound Level,47,dBA,Material,Stainless Steel,,Depth With Door Open,50-1/4,in
GT200-SKU-032,WDTS7024RZ-V04,WDTS7024RZ Eco Series Dishwasher SS Variant 4,-- Unbranded --,Appliance Dealers Cooperative (APPDE),Whirlpool Corporation,Whirlpool®,Whirlpool,Appliances & Consumer Electronics>Kitchen Appliances>Built-In Dishwashers,"• Whirlpool® WDTS7024RZ Eco Series Dishwasher SS
• High Durability Industrial Grade",WHIRLPOOL WDTS7024RZ ECO SERIES DISHWASH,40100031,Voltage Rating,120,V,Amperage Rating,10,A,Sound Level,41,dBA,Material,Stainless Steel,,Depth With Door Open,50-3/16,in
GT200-SKU-033,D0724A-V04,Framing Saw Blade 7-1/4 in 24T Variant 4,-- Unbranded --,Freud Inc (2435),Freud Inc,Diablo®,Diablo,Tools & Hardware>Power Tool Accessories>Saw Blades,"• Diablo® Framing Saw Blade 7-1/4 in 24T
• High Durability Industrial Grade",DIABLO FRAMING SAW BLADE 7-1/4 IN 24T,40100032,Blade Diameter,7-1/4,in,Number of Teeth,24,,Arbor Size,5/8,in,Kerf Thickness,0.059,in,Material,Carbide,
GT200-SKU-034,3MABR-V04,Cubitron II Cut-Off Wheel 4-1/2 in Variant 4,-- Unbranded --,3 M Co (5293),3 M Co,3M®,3M,Tools & Hardware>Abrasives>Bonded Abrasives>Cut-Off Wheels,"• 3M® Cubitron II Cut-Off Wheel 4-1/2 in
• High Durability Industrial Grade",3M CUBITRON II CUT-OFF WHEEL 4-1/,40100033,Wheel Diameter,4-1/2,in,Thickness,0.045,in,Arbor Hole Size,7/8,in,Maximum Speed,13300,rpm,Abrasive Material,Precision Shaped Grain,
GT200-SKU-035,AUTONET-V04,Abranet 6 in Grip Mesh Disc 180 Grit Variant 4,-- Unbranded --,Mirka Abrasives Inc (MIRUS),Mirka Abrasives Inc,Mirka®,Mirka,Tools & Hardware>Abrasives>Coated Abrasives>Sanding Discs,"• Mirka® Abranet 6 in Grip Mesh Disc 180 Grit
• High Durability Industrial Grade",MIRKA ABRANET 6 IN GRIP MESH DISC 18,40100034,Disc Diameter,6,in,Grit,180,,Backing Weight,Mesh,,Abrasive Material,Aluminum Oxide,,Attachment Type,Grip,
GT200-SKU-036,KRAFTFORM-V04,Kraftform Plus Slotted Screwdriver 1/4 in Variant 4,-- Unbranded --,Wera Tools NA Inc (WERTO),Wera Tools NA Inc,Wera®,Wera,Tools & Hardware>Hand Tools>Screwdrivers,"• Wera® Kraftform Plus Slotted Screwdriver 1/4 in
• High Durability Industrial Grade",WERA KRAFTFORM PLUS SLOTTED SCREWDR,40100035,Tip Size,1/4,in,Shank Length,4,in,Handle Material,Multi-Component,,Overall Length,8-1/2,in,Tip Type,Slotted,
GT200-SKU-037,SHOCKWAVE-V04,Shockwave Impact Duty Insert Bit PH2 Variant 4,-- Unbranded --,Milwaukee Accessory (4031),Milwaukee Accessory,Milwaukee®,Milwaukee,Tools & Hardware>Power Tool Accessories>Driver Bits,"• Milwaukee® Shockwave Impact Duty Insert Bit PH2
• High Durability Industrial Grade",MILWAUKEE SHOCKWAVE IMPACT DUTY INSERT B,40100036,Drive Size,1/4,in,Bit Size,PH2,,Overall Length,1,in,Material,Alloy Steel,,Shank Type,Hex,
GT200-SKU-038,5362-W-V04,Extra Heavy Duty Industrial Grade Duplex Receptacle 20A 125V Variant 4,-- Unbranded --,Leviton Mfg Co (4927),Leviton Mfg Co,Leviton®,Leviton,Electrical & Lighting>Wiring Devices>Receptacles,"• Leviton® Extra Heavy Duty Industrial Grade Duplex Receptacle 20A 125V
• High Durability Industrial Grade",LEVITON EXTRA HEAVY DUTY INDUSTRIAL GR,40100037,Voltage Rating,125,V,Amperage Rating,20,A,NEMA Configuration,5-20R,,Number of Poles,2,,Color,White,
GT200-SKU-039,AH5966Y-V04,Arrow Hart Safety Grip Heavy Duty Plug 15A 125V Variant 4,-- Unbranded --,Cooper Wiring Devices (3560),Cooper Wiring Devices,Cooper®,Cooper,Electrical & Lighting>Wiring Devices>Plugs & Connectors,"• Cooper® Arrow Hart Safety Grip Heavy Duty Plug 15A 125V
• High Durability Industrial Grade",COOPER ARROW HART SAFETY GRIP HEAVY D,40100038,Voltage Rating,125,V,Amperage Rating,15,A,NEMA Configuration,5-15P,,Number of Wires,3,,Material,Nylon,
GT200-SKU-040,TYPE-X-V04,Fire-Rated Type X Gypsum Board 5/8 in x 4 ft x 8 ft Variant 4,-- Unbranded --,Certainteed Gypsum (2765),Certainteed Gypsum,CertainTeed®,CertainTeed,Building Materials>Drywall>Gypsum Panels,"• CertainTeed® Fire-Rated Type X Gypsum Board 5/8 in x 4 ft x 8 ft
• High Durability Industrial Grade",CERTAINTEED FIRE-RATED TYPE X GYPSUM BOARD,40100039,Thickness,5/8,in,Width,4,ft,Length,8,ft,Fire Rating,Type X,,Edge Detail,Tapered,
GT200-SKU-041,PDSH4816AF-V05,PDSH4816AF Dishwasher SS Built-In Variant 5,-- Unbranded --,Appliance Dealers Cooperative (APPDE),Rheem Manufacturing,FRIGIDAIRE®,FRIGIDAIRE,Appliances & Consumer Electronics>Kitchen Appliances>Built-In Dishwashers,"• FRIGIDAIRE® PDSH4816AF Dishwasher SS Built-In
• High Durability Industrial Grade",FRIGIDAIRE PDSH4816AF DISHWASHER SS BUILT,40100040,Voltage Rating,120,V,Amperage Rating,15,A,Sound Level,47,dBA,Material,Stainless Steel,,Depth With Door Open,50-1/4,in
GT200-SKU-042,WDTS7024RZ-V05,WDTS7024RZ Eco Series Dishwasher SS Variant 5,-- Unbranded --,Appliance Dealers Cooperative (APPDE),Whirlpool Corporation,Whirlpool®,Whirlpool,Appliances & Consumer Electronics>Kitchen Appliances>Built-In Dishwashers,"• Whirlpool® WDTS7024RZ Eco Series Dishwasher SS
• High Durability Industrial Grade",WHIRLPOOL WDTS7024RZ ECO SERIES DISHWASH,40100041,Voltage Rating,120,V,Amperage Rating,10,A,Sound Level,41,dBA,Material,Stainless Steel,,Depth With Door Open,50-3/16,in
GT200-SKU-043,D0724A-V05,Framing Saw Blade 7-1/4 in 24T Variant 5,-- Unbranded --,Freud Inc (2435),Freud Inc,Diablo®,Diablo,Tools & Hardware>Power Tool Accessories>Saw Blades,"• Diablo® Framing Saw Blade 7-1/4 in 24T
• High Durability Industrial Grade",DIABLO FRAMING SAW BLADE 7-1/4 IN 24T,40100042,Blade Diameter,7-1/4,in,Number of Teeth,24,,Arbor Size,5/8,in,Kerf Thickness,0.059,in,Material,Carbide,
GT200-SKU-044,3MABR-V05,Cubitron II Cut-Off Wheel 4-1/2 in Variant 5,-- Unbranded --,3 M Co (5293),3 M Co,3M®,3M,Tools & Hardware>Abrasives>Bonded Abrasives>Cut-Off Wheels,"• 3M® Cubitron II Cut-Off Wheel 4-1/2 in
• High Durability Industrial Grade",3M CUBITRON II CUT-OFF WHEEL 4-1/,40100043,Wheel Diameter,4-1/2,in,Thickness,0.045,in,Arbor Hole Size,7/8,in,Maximum Speed,13300,rpm,Abrasive Material,Precision Shaped Grain,
GT200-SKU-045,AUTONET-V05,Abranet 6 in Grip Mesh Disc 180 Grit Variant 5,-- Unbranded --,Mirka Abrasives Inc (MIRUS),Mirka Abrasives Inc,Mirka®,Mirka,Tools & Hardware>Abrasives>Coated Abrasives>Sanding Discs,"• Mirka® Abranet 6 in Grip Mesh Disc 180 Grit
• High Durability Industrial Grade",MIRKA ABRANET 6 IN GRIP MESH DISC 18,40100044,Disc Diameter,6,in,Grit,180,,Backing Weight,Mesh,,Abrasive Material,Aluminum Oxide,,Attachment Type,Grip,
GT200-SKU-046,KRAFTFORM-V05,Kraftform Plus Slotted Screwdriver 1/4 in Variant 5,-- Unbranded --,Wera Tools NA Inc (WERTO),Wera Tools NA Inc,Wera®,Wera,Tools & Hardware>Hand Tools>Screwdrivers,"• Wera® Kraftform Plus Slotted Screwdriver 1/4 in
• High Durability Industrial Grade",WERA KRAFTFORM PLUS SLOTTED SCREWDR,40100045,Tip Size,1/4,in,Shank Length,4,in,Handle Material,Multi-Component,,Overall Length,8-1/2,in,Tip Type,Slotted,
GT200-SKU-047,SHOCKWAVE-V05,Shockwave Impact Duty Insert Bit PH2 Variant 5,-- Unbranded --,Milwaukee Accessory (4031),Milwaukee Accessory,Milwaukee®,Milwaukee,Tools & Hardware>Power Tool Accessories>Driver Bits,"• Milwaukee® Shockwave Impact Duty Insert Bit PH2
• High Durability Industrial Grade",MILWAUKEE SHOCKWAVE IMPACT DUTY INSERT B,40100046,Drive Size,1/4,in,Bit Size,PH2,,Overall Length,1,in,Material,Alloy Steel,,Shank Type,Hex,
GT200-SKU-048,5362-W-V05,Extra Heavy Duty Industrial Grade Duplex Receptacle 20A 125V Variant 5,-- Unbranded --,Leviton Mfg Co (4927),Leviton Mfg Co,Leviton®,Leviton,Electrical & Lighting>Wiring Devices>Receptacles,"• Leviton® Extra Heavy Duty Industrial Grade Duplex Receptacle 20A 125V
• High Durability Industrial Grade",LEVITON EXTRA HEAVY DUTY INDUSTRIAL GR,40100047,Voltage Rating,125,V,Amperage Rating,20,A,NEMA Configuration,5-20R,,Number of Poles,2,,Color,White,
GT200-SKU-049,AH5966Y-V05,Arrow Hart Safety Grip Heavy Duty Plug 15A 125V Variant 5,-- Unbranded --,Cooper Wiring Devices (3560),Cooper Wiring Devices,Cooper®,Cooper,Electrical & Lighting>Wiring Devices>Plugs & Connectors,"• Cooper® Arrow Hart Safety Grip Heavy Duty Plug 15A 125V
• High Durability Industrial Grade",COOPER ARROW HART SAFETY GRIP HEAVY D,40100048,Voltage Rating,125,V,Amperage Rating,15,A,NEMA Configuration,5-15P,,Number of Wires,3,,Material,Nylon,
GT200-SKU-050,TYPE-X-V05,Fire-Rated Type X Gypsum Board 5/8 in x 4 ft x 8 ft Variant 5,-- Unbranded --,Certainteed Gypsum (2765),Certainteed Gypsum,CertainTeed®,CertainTeed,Building Materials>Drywall>Gypsum Panels,"• CertainTeed® Fire-Rated Type X Gypsum Board 5/8 in x 4 ft x 8 ft
• High Durability Industrial Grade",CERTAINTEED FIRE-RATED TYPE X GYPSUM BOARD,40100049,Thickness,5/8,in,Width,4,ft,Length,8,ft,Fire Rating,Type X,,Edge Detail,Tapered,
GT200-SKU-051,PDSH4816AF-V06,PDSH4816AF Dishwasher SS Built-In Variant 6,-- Unbranded --,Appliance Dealers Cooperative (APPDE),Rheem Manufacturing,FRIGIDAIRE®,FRIGIDAIRE,Appliances & Consumer Electronics>Kitchen Appliances>Built-In Dishwashers,"• FRIGIDAIRE® PDSH4816AF Dishwasher SS Built-In
• High Durability Industrial Grade",FRIGIDAIRE PDSH4816AF DISHWASHER SS BUILT,40100050,Voltage Rating,120,V,Amperage Rating,15,A,Sound Level,47,dBA,Material,Stainless Steel,,Depth With Door Open,50-1/4,in
GT200-SKU-052,WDTS7024RZ-V06,WDTS7024RZ Eco Series Dishwasher SS Variant 6,-- Unbranded --,Appliance Dealers Cooperative (APPDE),Whirlpool Corporation,Whirlpool®,Whirlpool,Appliances & Consumer Electronics>Kitchen Appliances>Built-In Dishwashers,"• Whirlpool® WDTS7024RZ Eco Series Dishwasher SS
• High Durability Industrial Grade",WHIRLPOOL WDTS7024RZ ECO SERIES DISHWASH,40100051,Voltage Rating,120,V,Amperage Rating,10,A,Sound Level,41,dBA,Material,Stainless Steel,,Depth With Door Open,50-3/16,in
GT200-SKU-053,D0724A-V06,Framing Saw Blade 7-1/4 in 24T Variant 6,-- Unbranded --,Freud Inc (2435),Freud Inc,Diablo®,Diablo,Tools & Hardware>Power Tool Accessories>Saw Blades,"• Diablo® Framing Saw Blade 7-1/4 in 24T
• High Durability Industrial Grade",DIABLO FRAMING SAW BLADE 7-1/4 IN 24T,40100052,Blade Diameter,7-1/4,in,Number of Teeth,24,,Arbor Size,5/8,in,Kerf Thickness,0.059,in,Material,Carbide,
GT200-SKU-054,3MABR-V06,Cubitron II Cut-Off Wheel 4-1/2 in Variant 6,-- Unbranded --,3 M Co (5293),3 M Co,3M®,3M,Tools & Hardware>Abrasives>Bonded Abrasives>Cut-Off Wheels,"• 3M® Cubitron II Cut-Off Wheel 4-1/2 in
• High Durability Industrial Grade",3M CUBITRON II CUT-OFF WHEEL 4-1/,40100053,Wheel Diameter,4-1/2,in,Thickness,0.045,in,Arbor Hole Size,7/8,in,Maximum Speed,13300,rpm,Abrasive Material,Precision Shaped Grain,
GT200-SKU-055,AUTONET-V06,Abranet 6 in Grip Mesh Disc 180 Grit Variant 6,-- Unbranded --,Mirka Abrasives Inc (MIRUS),Mirka Abrasives Inc,Mirka®,Mirka,Tools & Hardware>Abrasives>Coated Abrasives>Sanding Discs,"• Mirka® Abranet 6 in Grip Mesh Disc 180 Grit
• High Durability Industrial Grade",MIRKA ABRANET 6 IN GRIP MESH DISC 18,40100054,Disc Diameter,6,in,Grit,180,,Backing Weight,Mesh,,Abrasive Material,Aluminum Oxide,,Attachment Type,Grip,
GT200-SKU-056,KRAFTFORM-V06,Kraftform Plus Slotted Screwdriver 1/4 in Variant 6,-- Unbranded --,Wera Tools NA Inc (WERTO),Wera Tools NA Inc,Wera®,Wera,Tools & Hardware>Hand Tools>Screwdrivers,"• Wera® Kraftform Plus Slotted Screwdriver 1/4 in
• High Durability Industrial Grade",WERA KRAFTFORM PLUS SLOTTED SCREWDR,40100055,Tip Size,1/4,in,Shank Length,4,in,Handle Material,Multi-Component,,Overall Length,8-1/2,in,Tip Type,Slotted,
GT200-SKU-057,SHOCKWAVE-V06,Shockwave Impact Duty Insert Bit PH2 Variant 6,-- Unbranded --,Milwaukee Accessory (4031),Milwaukee Accessory,Milwaukee®,Milwaukee,Tools & Hardware>Power Tool Accessories>Driver Bits,"• Milwaukee® Shockwave Impact Duty Insert Bit PH2
• High Durability Industrial Grade",MILWAUKEE SHOCKWAVE IMPACT DUTY INSERT B,40100056,Drive Size,1/4,in,Bit Size,PH2,,Overall Length,1,in,Material,Alloy Steel,,Shank Type,Hex,
GT200-SKU-058,5362-W-V06,Extra Heavy Duty Industrial Grade Duplex Receptacle 20A 125V Variant 6,-- Unbranded --,Leviton Mfg Co (4927),Leviton Mfg Co,Leviton®,Leviton,Electrical & Lighting>Wiring Devices>Receptacles,"• Leviton® Extra Heavy Duty Industrial Grade Duplex Receptacle 20A 125V
• High Durability Industrial Grade",LEVITON EXTRA HEAVY DUTY INDUSTRIAL GR,40100057,Voltage Rating,125,V,Amperage Rating,20,A,NEMA Configuration,5-20R,,Number of Poles,2,,Color,White,
GT200-SKU-059,AH5966Y-V06,Arrow Hart Safety Grip Heavy Duty Plug 15A 125V Variant 6,-- Unbranded --,Cooper Wiring Devices (3560),Cooper Wiring Devices,Cooper®,Cooper,Electrical & Lighting>Wiring Devices>Plugs & Connectors,"• Cooper® Arrow Hart Safety Grip Heavy Duty Plug 15A 125V
• High Durability Industrial Grade",COOPER ARROW HART SAFETY GRIP HEAVY D,40100058,Voltage Rating,125,V,Amperage Rating,15,A,NEMA Configuration,5-15P,,Number of Wires,3,,Material,Nylon,
GT200-SKU-060,TYPE-X-V06,Fire-Rated Type X Gypsum Board 5/8 in x 4 ft x 8 ft Variant 6,-- Unbranded --,Certainteed Gypsum (2765),Certainteed Gypsum,CertainTeed®,CertainTeed,Building Materials>Drywall>Gypsum Panels,"• CertainTeed® Fire-Rated Type X Gypsum Board 5/8 in x 4 ft x 8 ft
• High Durability Industrial Grade",CERTAINTEED FIRE-RATED TYPE X GYPSUM BOARD,40100059,Thickness,5/8,in,Width,4,ft,Length,8,ft,Fire Rating,Type X,,Edge Detail,Tapered,
GT200-SKU-061,PDSH4816AF-V07,PDSH4816AF Dishwasher SS Built-In Variant 7,-- Unbranded --,Appliance Dealers Cooperative (APPDE),Rheem Manufacturing,FRIGIDAIRE®,FRIGIDAIRE,Appliances & Consumer Electronics>Kitchen Appliances>Built-In Dishwashers,"• FRIGIDAIRE® PDSH4816AF Dishwasher SS Built-In
• High Durability Industrial Grade",FRIGIDAIRE PDSH4816AF DISHWASHER SS BUILT,40100060,Voltage Rating,120,V,Amperage Rating,15,A,Sound Level,47,dBA,Material,Stainless Steel,,Depth With Door Open,50-1/4,in
GT200-SKU-062,WDTS7024RZ-V07,WDTS7024RZ Eco Series Dishwasher SS Variant 7,-- Unbranded --,Appliance Dealers Cooperative (APPDE),Whirlpool Corporation,Whirlpool®,Whirlpool,Appliances & Consumer Electronics>Kitchen Appliances>Built-In Dishwashers,"• Whirlpool® WDTS7024RZ Eco Series Dishwasher SS
• High Durability Industrial Grade",WHIRLPOOL WDTS7024RZ ECO SERIES DISHWASH,40100061,Voltage Rating,120,V,Amperage Rating,10,A,Sound Level,41,dBA,Material,Stainless Steel,,Depth With Door Open,50-3/16,in
GT200-SKU-063,D0724A-V07,Framing Saw Blade 7-1/4 in 24T Variant 7,-- Unbranded --,Freud Inc (2435),Freud Inc,Diablo®,Diablo,Tools & Hardware>Power Tool Accessories>Saw Blades,"• Diablo® Framing Saw Blade 7-1/4 in 24T
• High Durability Industrial Grade",DIABLO FRAMING SAW BLADE 7-1/4 IN 24T,40100062,Blade Diameter,7-1/4,in,Number of Teeth,24,,Arbor Size,5/8,in,Kerf Thickness,0.059,in,Material,Carbide,
GT200-SKU-064,3MABR-V07,Cubitron II Cut-Off Wheel 4-1/2 in Variant 7,-- Unbranded --,3 M Co (5293),3 M Co,3M®,3M,Tools & Hardware>Abrasives>Bonded Abrasives>Cut-Off Wheels,"• 3M® Cubitron II Cut-Off Wheel 4-1/2 in
• High Durability Industrial Grade",3M CUBITRON II CUT-OFF WHEEL 4-1/,40100063,Wheel Diameter,4-1/2,in,Thickness,0.045,in,Arbor Hole Size,7/8,in,Maximum Speed,13300,rpm,Abrasive Material,Precision Shaped Grain,
GT200-SKU-065,AUTONET-V07,Abranet 6 in Grip Mesh Disc 180 Grit Variant 7,-- Unbranded --,Mirka Abrasives Inc (MIRUS),Mirka Abrasives Inc,Mirka®,Mirka,Tools & Hardware>Abrasives>Coated Abrasives>Sanding Discs,"• Mirka® Abranet 6 in Grip Mesh Disc 180 Grit
• High Durability Industrial Grade",MIRKA ABRANET 6 IN GRIP MESH DISC 18,40100064,Disc Diameter,6,in,Grit,180,,Backing Weight,Mesh,,Abrasive Material,Aluminum Oxide,,Attachment Type,Grip,
GT200-SKU-066,KRAFTFORM-V07,Kraftform Plus Slotted Screwdriver 1/4 in Variant 7,-- Unbranded --,Wera Tools NA Inc (WERTO),Wera Tools NA Inc,Wera®,Wera,Tools & Hardware>Hand Tools>Screwdrivers,"• Wera® Kraftform Plus Slotted Screwdriver 1/4 in
• High Durability Industrial Grade",WERA KRAFTFORM PLUS SLOTTED SCREWDR,40100065,Tip Size,1/4,in,Shank Length,4,in,Handle Material,Multi-Component,,Overall Length,8-1/2,in,Tip Type,Slotted,
GT200-SKU-067,SHOCKWAVE-V07,Shockwave Impact Duty Insert Bit PH2 Variant 7,-- Unbranded --,Milwaukee Accessory (4031),Milwaukee Accessory,Milwaukee®,Milwaukee,Tools & Hardware>Power Tool Accessories>Driver Bits,"• Milwaukee® Shockwave Impact Duty Insert Bit PH2
• High Durability Industrial Grade",MILWAUKEE SHOCKWAVE IMPACT DUTY INSERT B,40100066,Drive Size,1/4,in,Bit Size,PH2,,Overall Length,1,in,Material,Alloy Steel,,Shank Type,Hex,
GT200-SKU-068,5362-W-V07,Extra Heavy Duty Industrial Grade Duplex Receptacle 20A 125V Variant 7,-- Unbranded --,Leviton Mfg Co (4927),Leviton Mfg Co,Leviton®,Leviton,Electrical & Lighting>Wiring Devices>Receptacles,"• Leviton® Extra Heavy Duty Industrial Grade Duplex Receptacle 20A 125V
• High Durability Industrial Grade",LEVITON EXTRA HEAVY DUTY INDUSTRIAL GR,40100067,Voltage Rating,125,V,Amperage Rating,20,A,NEMA Configuration,5-20R,,Number of Poles,2,,Color,White,
GT200-SKU-069,AH5966Y-V07,Arrow Hart Safety Grip Heavy Duty Plug 15A 125V Variant 7,-- Unbranded --,Cooper Wiring Devices (3560),Cooper Wiring Devices,Cooper®,Cooper,Electrical & Lighting>Wiring Devices>Plugs & Connectors,"• Cooper® Arrow Hart Safety Grip Heavy Duty Plug 15A 125V
• High Durability Industrial Grade",COOPER ARROW HART SAFETY GRIP HEAVY D,40100068,Voltage Rating,125,V,Amperage Rating,15,A,NEMA Configuration,5-15P,,Number of Wires,3,,Material,Nylon,
GT200-SKU-070,TYPE-X-V07,Fire-Rated Type X Gypsum Board 5/8 in x 4 ft x 8 ft Variant 7,-- Unbranded --,Certainteed Gypsum (2765),Certainteed Gypsum,CertainTeed®,CertainTeed,Building Materials>Drywall>Gypsum Panels,"• CertainTeed® Fire-Rated Type X Gypsum Board 5/8 in x 4 ft x 8 ft
• High Durability Industrial Grade",CERTAINTEED FIRE-RATED TYPE X GYPSUM BOARD,40100069,Thickness,5/8,in,Width,4,ft,Length,8,ft,Fire Rating,Type X,,Edge Detail,Tapered,
GT200-SKU-071,PDSH4816AF-V08,PDSH4816AF Dishwasher SS Built-In Variant 8,-- Unbranded --,Appliance Dealers Cooperative (APPDE),Rheem Manufacturing,FRIGIDAIRE®,FRIGIDAIRE,Appliances & Consumer Electronics>Kitchen Appliances>Built-In Dishwashers,"• FRIGIDAIRE® PDSH4816AF Dishwasher SS Built-In
• High Durability Industrial Grade",FRIGIDAIRE PDSH4816AF DISHWASHER SS BUILT,40100070,Voltage Rating,120,V,Amperage Rating,15,A,Sound Level,47,dBA,Material,Stainless Steel,,Depth With Door Open,50-1/4,in
GT200-SKU-072,WDTS7024RZ-V08,WDTS7024RZ Eco Series Dishwasher SS Variant 8,-- Unbranded --,Appliance Dealers Cooperative (APPDE),Whirlpool Corporation,Whirlpool®,Whirlpool,Appliances & Consumer Electronics>Kitchen Appliances>Built-In Dishwashers,"• Whirlpool® WDTS7024RZ Eco Series Dishwasher SS
• High Durability Industrial Grade",WHIRLPOOL WDTS7024RZ ECO SERIES DISHWASH,40100071,Voltage Rating,120,V,Amperage Rating,10,A,Sound Level,41,dBA,Material,Stainless Steel,,Depth With Door Open,50-3/16,in
GT200-SKU-073,D0724A-V08,Framing Saw Blade 7-1/4 in 24T Variant 8,-- Unbranded --,Freud Inc (2435),Freud Inc,Diablo®,Diablo,Tools & Hardware>Power Tool Accessories>Saw Blades,"• Diablo® Framing Saw Blade 7-1/4 in 24T
• High Durability Industrial Grade",DIABLO FRAMING SAW BLADE 7-1/4 IN 24T,40100072,Blade Diameter,7-1/4,in,Number of Teeth,24,,Arbor Size,5/8,in,Kerf Thickness,0.059,in,Material,Carbide,
GT200-SKU-074,3MABR-V08,Cubitron II Cut-Off Wheel 4-1/2 in Variant 8,-- Unbranded --,3 M Co (5293),3 M Co,3M®,3M,Tools & Hardware>Abrasives>Bonded Abrasives>Cut-Off Wheels,"• 3M® Cubitron II Cut-Off Wheel 4-1/2 in
• High Durability Industrial Grade",3M CUBITRON II CUT-OFF WHEEL 4-1/,40100073,Wheel Diameter,4-1/2,in,Thickness,0.045,in,Arbor Hole Size,7/8,in,Maximum Speed,13300,rpm,Abrasive Material,Precision Shaped Grain,
GT200-SKU-075,AUTONET-V08,Abranet 6 in Grip Mesh Disc 180 Grit Variant 8,-- Unbranded --,Mirka Abrasives Inc (MIRUS),Mirka Abrasives Inc,Mirka®,Mirka,Tools & Hardware>Abrasives>Coated Abrasives>Sanding Discs,"• Mirka® Abranet 6 in Grip Mesh Disc 180 Grit
• High Durability Industrial Grade",MIRKA ABRANET 6 IN GRIP MESH DISC 18,40100074,Disc Diameter,6,in,Grit,180,,Backing Weight,Mesh,,Abrasive Material,Aluminum Oxide,,Attachment Type,Grip,
GT200-SKU-076,KRAFTFORM-V08,Kraftform Plus Slotted Screwdriver 1/4 in Variant 8,-- Unbranded --,Wera Tools NA Inc (WERTO),Wera Tools NA Inc,Wera®,Wera,Tools & Hardware>Hand Tools>Screwdrivers,"• Wera® Kraftform Plus Slotted Screwdriver 1/4 in
• High Durability Industrial Grade",WERA KRAFTFORM PLUS SLOTTED SCREWDR,40100075,Tip Size,1/4,in,Shank Length,4,in,Handle Material,Multi-Component,,Overall Length,8-1/2,in,Tip Type,Slotted,
GT200-SKU-077,SHOCKWAVE-V08,Shockwave Impact Duty Insert Bit PH2 Variant 8,-- Unbranded --,Milwaukee Accessory (4031),Milwaukee Accessory,Milwaukee®,Milwaukee,Tools & Hardware>Power Tool Accessories>Driver Bits,"• Milwaukee® Shockwave Impact Duty Insert Bit PH2
• High Durability Industrial Grade",MILWAUKEE SHOCKWAVE IMPACT DUTY INSERT B,40100076,Drive Size,1/4,in,Bit Size,PH2,,Overall Length,1,in,Material,Alloy Steel,,Shank Type,Hex,
GT200-SKU-078,5362-W-V08,Extra Heavy Duty Industrial Grade Duplex Receptacle 20A 125V Variant 8,-- Unbranded --,Leviton Mfg Co (4927),Leviton Mfg Co,Leviton®,Leviton,Electrical & Lighting>Wiring Devices>Receptacles,"• Leviton® Extra Heavy Duty Industrial Grade Duplex Receptacle 20A 125V
• High Durability Industrial Grade",LEVITON EXTRA HEAVY DUTY INDUSTRIAL GR,40100077,Voltage Rating,125,V,Amperage Rating,20,A,NEMA Configuration,5-20R,,Number of Poles,2,,Color,White,
GT200-SKU-079,AH5966Y-V08,Arrow Hart Safety Grip Heavy Duty Plug 15A 125V Variant 8,-- Unbranded --,Cooper Wiring Devices (3560),Cooper Wiring Devices,Cooper®,Cooper,Electrical & Lighting>Wiring Devices>Plugs & Connectors,"• Cooper® Arrow Hart Safety Grip Heavy Duty Plug 15A 125V
• High Durability Industrial Grade",COOPER ARROW HART SAFETY GRIP HEAVY D,40100078,Voltage Rating,125,V,Amperage Rating,15,A,NEMA Configuration,5-15P,,Number of Wires,3,,Material,Nylon,
GT200-SKU-080,TYPE-X-V08,Fire-Rated Type X Gypsum Board 5/8 in x 4 ft x 8 ft Variant 8,-- Unbranded --,Certainteed Gypsum (2765),Certainteed Gypsum,CertainTeed®,CertainTeed,Building Materials>Drywall>Gypsum Panels,"• CertainTeed® Fire-Rated Type X Gypsum Board 5/8 in x 4 ft x 8 ft
• High Durability Industrial Grade",CERTAINTEED FIRE-RATED TYPE X GYPSUM BOARD,40100079,Thickness,5/8,in,Width,4,ft,Length,8,ft,Fire Rating,Type X,,Edge Detail,Tapered,
GT200-SKU-081,PDSH4816AF-V09,PDSH4816AF Dishwasher SS Built-In Variant 9,-- Unbranded --,Appliance Dealers Cooperative (APPDE),Rheem Manufacturing,FRIGIDAIRE®,FRIGIDAIRE,Appliances & Consumer Electronics>Kitchen Appliances>Built-In Dishwashers,"• FRIGIDAIRE® PDSH4816AF Dishwasher SS Built-In
• High Durability Industrial Grade",FRIGIDAIRE PDSH4816AF DISHWASHER SS BUILT,40100080,Voltage Rating,120,V,Amperage Rating,15,A,Sound Level,47,dBA,Material,Stainless Steel,,Depth With Door Open,50-1/4,in
GT200-SKU-082,WDTS7024RZ-V09,WDTS7024RZ Eco Series Dishwasher SS Variant 9,-- Unbranded --,Appliance Dealers Cooperative (APPDE),Whirlpool Corporation,Whirlpool®,Whirlpool,Appliances & Consumer Electronics>Kitchen Appliances>Built-In Dishwashers,"• Whirlpool® WDTS7024RZ Eco Series Dishwasher SS
• High Durability Industrial Grade",WHIRLPOOL WDTS7024RZ ECO SERIES DISHWASH,40100081,Voltage Rating,120,V,Amperage Rating,10,A,Sound Level,41,dBA,Material,Stainless Steel,,Depth With Door Open,50-3/16,in
GT200-SKU-083,D0724A-V09,Framing Saw Blade 7-1/4 in 24T Variant 9,-- Unbranded --,Freud Inc (2435),Freud Inc,Diablo®,Diablo,Tools & Hardware>Power Tool Accessories>Saw Blades,"• Diablo® Framing Saw Blade 7-1/4 in 24T
• High Durability Industrial Grade",DIABLO FRAMING SAW BLADE 7-1/4 IN 24T,40100082,Blade Diameter,7-1/4,in,Number of Teeth,24,,Arbor Size,5/8,in,Kerf Thickness,0.059,in,Material,Carbide,
GT200-SKU-084,3MABR-V09,Cubitron II Cut-Off Wheel 4-1/2 in Variant 9,-- Unbranded --,3 M Co (5293),3 M Co,3M®,3M,Tools & Hardware>Abrasives>Bonded Abrasives>Cut-Off Wheels,"• 3M® Cubitron II Cut-Off Wheel 4-1/2 in
• High Durability Industrial Grade",3M CUBITRON II CUT-OFF WHEEL 4-1/,40100083,Wheel Diameter,4-1/2,in,Thickness,0.045,in,Arbor Hole Size,7/8,in,Maximum Speed,13300,rpm,Abrasive Material,Precision Shaped Grain,
GT200-SKU-085,AUTONET-V09,Abranet 6 in Grip Mesh Disc 180 Grit Variant 9,-- Unbranded --,Mirka Abrasives Inc (MIRUS),Mirka Abrasives Inc,Mirka®,Mirka,Tools & Hardware>Abrasives>Coated Abrasives>Sanding Discs,"• Mirka® Abranet 6 in Grip Mesh Disc 180 Grit
• High Durability Industrial Grade",MIRKA ABRANET 6 IN GRIP MESH DISC 18,40100084,Disc Diameter,6,in,Grit,180,,Backing Weight,Mesh,,Abrasive Material,Aluminum Oxide,,Attachment Type,Grip,
GT200-SKU-086,KRAFTFORM-V09,Kraftform Plus Slotted Screwdriver 1/4 in Variant 9,-- Unbranded --,Wera Tools NA Inc (WERTO),Wera Tools NA Inc,Wera®,Wera,Tools & Hardware>Hand Tools>Screwdrivers,"• Wera® Kraftform Plus Slotted Screwdriver 1/4 in
• High Durability Industrial Grade",WERA KRAFTFORM PLUS SLOTTED SCREWDR,40100085,Tip Size,1/4,in,Shank Length,4,in,Handle Material,Multi-Component,,Overall Length,8-1/2,in,Tip Type,Slotted,
GT200-SKU-087,SHOCKWAVE-V09,Shockwave Impact Duty Insert Bit PH2 Variant 9,-- Unbranded --,Milwaukee Accessory (4031),Milwaukee Accessory,Milwaukee®,Milwaukee,Tools & Hardware>Power Tool Accessories>Driver Bits,"• Milwaukee® Shockwave Impact Duty Insert Bit PH2
• High Durability Industrial Grade",MILWAUKEE SHOCKWAVE IMPACT DUTY INSERT B,40100086,Drive Size,1/4,in,Bit Size,PH2,,Overall Length,1,in,Material,Alloy Steel,,Shank Type,Hex,
GT200-SKU-088,5362-W-V09,Extra Heavy Duty Industrial Grade Duplex Receptacle 20A 125V Variant 9,-- Unbranded --,Leviton Mfg Co (4927),Leviton Mfg Co,Leviton®,Leviton,Electrical & Lighting>Wiring Devices>Receptacles,"• Leviton® Extra Heavy Duty Industrial Grade Duplex Receptacle 20A 125V
• High Durability Industrial Grade",LEVITON EXTRA HEAVY DUTY INDUSTRIAL GR,40100087,Voltage Rating,125,V,Amperage Rating,20,A,NEMA Configuration,5-20R,,Number of Poles,2,,Color,White,
GT200-SKU-089,AH5966Y-V09,Arrow Hart Safety Grip Heavy Duty Plug 15A 125V Variant 9,-- Unbranded --,Cooper Wiring Devices (3560),Cooper Wiring Devices,Cooper®,Cooper,Electrical & Lighting>Wiring Devices>Plugs & Connectors,"• Cooper® Arrow Hart Safety Grip Heavy Duty Plug 15A 125V
• High Durability Industrial Grade",COOPER ARROW HART SAFETY GRIP HEAVY D,40100088,Voltage Rating,125,V,Amperage Rating,15,A,NEMA Configuration,5-15P,,Number of Wires,3,,Material,Nylon,
GT200-SKU-090,TYPE-X-V09,Fire-Rated Type X Gypsum Board 5/8 in x 4 ft x 8 ft Variant 9,-- Unbranded --,Certainteed Gypsum (2765),Certainteed Gypsum,CertainTeed®,CertainTeed,Building Materials>Drywall>Gypsum Panels,"• CertainTeed® Fire-Rated Type X Gypsum Board 5/8 in x 4 ft x 8 ft
• High Durability Industrial Grade",CERTAINTEED FIRE-RATED TYPE X GYPSUM BOARD,40100089,Thickness,5/8,in,Width,4,ft,Length,8,ft,Fire Rating,Type X,,Edge Detail,Tapered,
GT200-SKU-091,PDSH4816AF-V10,PDSH4816AF Dishwasher SS Built-In Variant 10,-- Unbranded --,Appliance Dealers Cooperative (APPDE),Rheem Manufacturing,FRIGIDAIRE®,FRIGIDAIRE,Appliances & Consumer Electronics>Kitchen Appliances>Built-In Dishwashers,"• FRIGIDAIRE® PDSH4816AF Dishwasher SS Built-In
• High Durability Industrial Grade",FRIGIDAIRE PDSH4816AF DISHWASHER SS BUILT,40100090,Voltage Rating,120,V,Amperage Rating,15,A,Sound Level,47,dBA,Material,Stainless Steel,,Depth With Door Open,50-1/4,in
GT200-SKU-092,WDTS7024RZ-V10,WDTS7024RZ Eco Series Dishwasher SS Variant 10,-- Unbranded --,Appliance Dealers Cooperative (APPDE),Whirlpool Corporation,Whirlpool®,Whirlpool,Appliances & Consumer Electronics>Kitchen Appliances>Built-In Dishwashers,"• Whirlpool® WDTS7024RZ Eco Series Dishwasher SS
• High Durability Industrial Grade",WHIRLPOOL WDTS7024RZ ECO SERIES DISHWASH,40100091,Voltage Rating,120,V,Amperage Rating,10,A,Sound Level,41,dBA,Material,Stainless Steel,,Depth With Door Open,50-3/16,in
GT200-SKU-093,D0724A-V10,Framing Saw Blade 7-1/4 in 24T Variant 10,-- Unbranded --,Freud Inc (2435),Freud Inc,Diablo®,Diablo,Tools & Hardware>Power Tool Accessories>Saw Blades,"• Diablo® Framing Saw Blade 7-1/4 in 24T
• High Durability Industrial Grade",DIABLO FRAMING SAW BLADE 7-1/4 IN 24T,40100092,Blade Diameter,7-1/4,in,Number of Teeth,24,,Arbor Size,5/8,in,Kerf Thickness,0.059,in,Material,Carbide,
GT200-SKU-094,3MABR-V10,Cubitron II Cut-Off Wheel 4-1/2 in Variant 10,-- Unbranded --,3 M Co (5293),3 M Co,3M®,3M,Tools & Hardware>Abrasives>Bonded Abrasives>Cut-Off Wheels,"• 3M® Cubitron II Cut-Off Wheel 4-1/2 in
• High Durability Industrial Grade",3M CUBITRON II CUT-OFF WHEEL 4-1/,40100093,Wheel Diameter,4-1/2,in,Thickness,0.045,in,Arbor Hole Size,7/8,in,Maximum Speed,13300,rpm,Abrasive Material,Precision Shaped Grain,
GT200-SKU-095,AUTONET-V10,Abranet 6 in Grip Mesh Disc 180 Grit Variant 10,-- Unbranded --,Mirka Abrasives Inc (MIRUS),Mirka Abrasives Inc,Mirka®,Mirka,Tools & Hardware>Abrasives>Coated Abrasives>Sanding Discs,"• Mirka® Abranet 6 in Grip Mesh Disc 180 Grit
• High Durability Industrial Grade",MIRKA ABRANET 6 IN GRIP MESH DISC 18,40100094,Disc Diameter,6,in,Grit,180,,Backing Weight,Mesh,,Abrasive Material,Aluminum Oxide,,Attachment Type,Grip,
GT200-SKU-096,KRAFTFORM-V10,Kraftform Plus Slotted Screwdriver 1/4 in Variant 10,-- Unbranded --,Wera Tools NA Inc (WERTO),Wera Tools NA Inc,Wera®,Wera,Tools & Hardware>Hand Tools>Screwdrivers,"• Wera® Kraftform Plus Slotted Screwdriver 1/4 in
• High Durability Industrial Grade",WERA KRAFTFORM PLUS SLOTTED SCREWDR,40100095,Tip Size,1/4,in,Shank Length,4,in,Handle Material,Multi-Component,,Overall Length,8-1/2,in,Tip Type,Slotted,
GT200-SKU-097,SHOCKWAVE-V10,Shockwave Impact Duty Insert Bit PH2 Variant 10,-- Unbranded --,Milwaukee Accessory (4031),Milwaukee Accessory,Milwaukee®,Milwaukee,Tools & Hardware>Power Tool Accessories>Driver Bits,"• Milwaukee® Shockwave Impact Duty Insert Bit PH2
• High Durability Industrial Grade",MILWAUKEE SHOCKWAVE IMPACT DUTY INSERT B,40100096,Drive Size,1/4,in,Bit Size,PH2,,Overall Length,1,in,Material,Alloy Steel,,Shank Type,Hex,
GT200-SKU-098,5362-W-V10,Extra Heavy Duty Industrial Grade Duplex Receptacle 20A 125V Variant 10,-- Unbranded --,Leviton Mfg Co (4927),Leviton Mfg Co,Leviton®,Leviton,Electrical & Lighting>Wiring Devices>Receptacles,"• Leviton® Extra Heavy Duty Industrial Grade Duplex Receptacle 20A 125V
• High Durability Industrial Grade",LEVITON EXTRA HEAVY DUTY INDUSTRIAL GR,40100097,Voltage Rating,125,V,Amperage Rating,20,A,NEMA Configuration,5-20R,,Number of Poles,2,,Color,White,
GT200-SKU-099,AH5966Y-V10,Arrow Hart Safety Grip Heavy Duty Plug 15A 125V Variant 10,-- Unbranded --,Cooper Wiring Devices (3560),Cooper Wiring Devices,Cooper®,Cooper,Electrical & Lighting>Wiring Devices>Plugs & Connectors,"• Cooper® Arrow Hart Safety Grip Heavy Duty Plug 15A 125V
• High Durability Industrial Grade",COOPER ARROW HART SAFETY GRIP HEAVY D,40100098,Voltage Rating,125,V,Amperage Rating,15,A,NEMA Configuration,5-15P,,Number of Wires,3,,Material,Nylon,
GT200-SKU-100,TYPE-X-V10,Fire-Rated Type X Gypsum Board 5/8 in x 4 ft x 8 ft Variant 10,-- Unbranded --,Certainteed Gypsum (2765),Certainteed Gypsum,CertainTeed®,CertainTeed,Building Materials>Drywall>Gypsum Panels,"• CertainTeed® Fire-Rated Type X Gypsum Board 5/8 in x 4 ft x 8 ft
• High Durability Industrial Grade",CERTAINTEED FIRE-RATED TYPE X GYPSUM BOARD,40100099,Thickness,5/8,in,Width,4,ft,Length,8,ft,Fire Rating,Type X,,Edge Detail,Tapered,
GT200-SKU-101,PDSH4816AF-V11,PDSH4816AF Dishwasher SS Built-In Variant 11,-- Unbranded --,Appliance Dealers Cooperative (APPDE),Rheem Manufacturing,FRIGIDAIRE®,FRIGIDAIRE,Appliances & Consumer Electronics>Kitchen Appliances>Built-In Dishwashers,"• FRIGIDAIRE® PDSH4816AF Dishwasher SS Built-In
• High Durability Industrial Grade",FRIGIDAIRE PDSH4816AF DISHWASHER SS BUILT,40100100,Voltage Rating,120,V,Amperage Rating,15,A,Sound Level,47,dBA,Material,Stainless Steel,,Depth With Door Open,50-1/4,in
GT200-SKU-102,WDTS7024RZ-V11,WDTS7024RZ Eco Series Dishwasher SS Variant 11,-- Unbranded --,Appliance Dealers Cooperative (APPDE),Whirlpool Corporation,Whirlpool®,Whirlpool,Appliances & Consumer Electronics>Kitchen Appliances>Built-In Dishwashers,"• Whirlpool® WDTS7024RZ Eco Series Dishwasher SS
• High Durability Industrial Grade",WHIRLPOOL WDTS7024RZ ECO SERIES DISHWASH,40100101,Voltage Rating,120,V,Amperage Rating,10,A,Sound Level,41,dBA,Material,Stainless Steel,,Depth With Door Open,50-3/16,in
GT200-SKU-103,D0724A-V11,Framing Saw Blade 7-1/4 in 24T Variant 11,-- Unbranded --,Freud Inc (2435),Freud Inc,Diablo®,Diablo,Tools & Hardware>Power Tool Accessories>Saw Blades,"• Diablo® Framing Saw Blade 7-1/4 in 24T
• High Durability Industrial Grade",DIABLO FRAMING SAW BLADE 7-1/4 IN 24T,40100102,Blade Diameter,7-1/4,in,Number of Teeth,24,,Arbor Size,5/8,in,Kerf Thickness,0.059,in,Material,Carbide,
GT200-SKU-104,3MABR-V11,Cubitron II Cut-Off Wheel 4-1/2 in Variant 11,-- Unbranded --,3 M Co (5293),3 M Co,3M®,3M,Tools & Hardware>Abrasives>Bonded Abrasives>Cut-Off Wheels,"• 3M® Cubitron II Cut-Off Wheel 4-1/2 in
• High Durability Industrial Grade",3M CUBITRON II CUT-OFF WHEEL 4-1/,40100103,Wheel Diameter,4-1/2,in,Thickness,0.045,in,Arbor Hole Size,7/8,in,Maximum Speed,13300,rpm,Abrasive Material,Precision Shaped Grain,
GT200-SKU-105,AUTONET-V11,Abranet 6 in Grip Mesh Disc 180 Grit Variant 11,-- Unbranded --,Mirka Abrasives Inc (MIRUS),Mirka Abrasives Inc,Mirka®,Mirka,Tools & Hardware>Abrasives>Coated Abrasives>Sanding Discs,"• Mirka® Abranet 6 in Grip Mesh Disc 180 Grit
• High Durability Industrial Grade",MIRKA ABRANET 6 IN GRIP MESH DISC 18,40100104,Disc Diameter,6,in,Grit,180,,Backing Weight,Mesh,,Abrasive Material,Aluminum Oxide,,Attachment Type,Grip,
GT200-SKU-106,KRAFTFORM-V11,Kraftform Plus Slotted Screwdriver 1/4 in Variant 11,-- Unbranded --,Wera Tools NA Inc (WERTO),Wera Tools NA Inc,Wera®,Wera,Tools & Hardware>Hand Tools>Screwdrivers,"• Wera® Kraftform Plus Slotted Screwdriver 1/4 in
• High Durability Industrial Grade",WERA KRAFTFORM PLUS SLOTTED SCREWDR,40100105,Tip Size,1/4,in,Shank Length,4,in,Handle Material,Multi-Component,,Overall Length,8-1/2,in,Tip Type,Slotted,
GT200-SKU-107,SHOCKWAVE-V11,Shockwave Impact Duty Insert Bit PH2 Variant 11,-- Unbranded --,Milwaukee Accessory (4031),Milwaukee Accessory,Milwaukee®,Milwaukee,Tools & Hardware>Power Tool Accessories>Driver Bits,"• Milwaukee® Shockwave Impact Duty Insert Bit PH2
• High Durability Industrial Grade",MILWAUKEE SHOCKWAVE IMPACT DUTY INSERT B,40100106,Drive Size,1/4,in,Bit Size,PH2,,Overall Length,1,in,Material,Alloy Steel,,Shank Type,Hex,
GT200-SKU-108,5362-W-V11,Extra Heavy Duty Industrial Grade Duplex Receptacle 20A 125V Variant 11,-- Unbranded --,Leviton Mfg Co (4927),Leviton Mfg Co,Leviton®,Leviton,Electrical & Lighting>Wiring Devices>Receptacles,"• Leviton® Extra Heavy Duty Industrial Grade Duplex Receptacle 20A 125V
• High Durability Industrial Grade",LEVITON EXTRA HEAVY DUTY INDUSTRIAL GR,40100107,Voltage Rating,125,V,Amperage Rating,20,A,NEMA Configuration,5-20R,,Number of Poles,2,,Color,White,
GT200-SKU-109,AH5966Y-V11,Arrow Hart Safety Grip Heavy Duty Plug 15A 125V Variant 11,-- Unbranded --,Cooper Wiring Devices (3560),Cooper Wiring Devices,Cooper®,Cooper,Electrical & Lighting>Wiring Devices>Plugs & Connectors,"• Cooper® Arrow Hart Safety Grip Heavy Duty Plug 15A 125V
• High Durability Industrial Grade",COOPER ARROW HART SAFETY GRIP HEAVY D,40100108,Voltage Rating,125,V,Amperage Rating,15,A,NEMA Configuration,5-15P,,Number of Wires,3,,Material,Nylon,
GT200-SKU-110,TYPE-X-V11,Fire-Rated Type X Gypsum Board 5/8 in x 4 ft x 8 ft Variant 11,-- Unbranded --,Certainteed Gypsum (2765),Certainteed Gypsum,CertainTeed®,CertainTeed,Building Materials>Drywall>Gypsum Panels,"• CertainTeed® Fire-Rated Type X Gypsum Board 5/8 in x 4 ft x 8 ft
• High Durability Industrial Grade",CERTAINTEED FIRE-RATED TYPE X GYPSUM BOARD,40100109,Thickness,5/8,in,Width,4,ft,Length,8,ft,Fire Rating,Type X,,Edge Detail,Tapered,
GT200-SKU-111,PDSH4816AF-V12,PDSH4816AF Dishwasher SS Built-In Variant 12,-- Unbranded --,Appliance Dealers Cooperative (APPDE),Rheem Manufacturing,FRIGIDAIRE®,FRIGIDAIRE,Appliances & Consumer Electronics>Kitchen Appliances>Built-In Dishwashers,"• FRIGIDAIRE® PDSH4816AF Dishwasher SS Built-In
• High Durability Industrial Grade",FRIGIDAIRE PDSH4816AF DISHWASHER SS BUILT,40100110,Voltage Rating,120,V,Amperage Rating,15,A,Sound Level,47,dBA,Material,Stainless Steel,,Depth With Door Open,50-1/4,in
GT200-SKU-112,WDTS7024RZ-V12,WDTS7024RZ Eco Series Dishwasher SS Variant 12,-- Unbranded --,Appliance Dealers Cooperative (APPDE),Whirlpool Corporation,Whirlpool®,Whirlpool,Appliances & Consumer Electronics>Kitchen Appliances>Built-In Dishwashers,"• Whirlpool® WDTS7024RZ Eco Series Dishwasher SS
• High Durability Industrial Grade",WHIRLPOOL WDTS7024RZ ECO SERIES DISHWASH,40100111,Voltage Rating,120,V,Amperage Rating,10,A,Sound Level,41,dBA,Material,Stainless Steel,,Depth With Door Open,50-3/16,in
GT200-SKU-113,D0724A-V12,Framing Saw Blade 7-1/4 in 24T Variant 12,-- Unbranded --,Freud Inc (2435),Freud Inc,Diablo®,Diablo,Tools & Hardware>Power Tool Accessories>Saw Blades,"• Diablo® Framing Saw Blade 7-1/4 in 24T
• High Durability Industrial Grade",DIABLO FRAMING SAW BLADE 7-1/4 IN 24T,40100112,Blade Diameter,7-1/4,in,Number of Teeth,24,,Arbor Size,5/8,in,Kerf Thickness,0.059,in,Material,Carbide,
GT200-SKU-114,3MABR-V12,Cubitron II Cut-Off Wheel 4-1/2 in Variant 12,-- Unbranded --,3 M Co (5293),3 M Co,3M®,3M,Tools & Hardware>Abrasives>Bonded Abrasives>Cut-Off Wheels,"• 3M® Cubitron II Cut-Off Wheel 4-1/2 in
• High Durability Industrial Grade",3M CUBITRON II CUT-OFF WHEEL 4-1/,40100113,Wheel Diameter,4-1/2,in,Thickness,0.045,in,Arbor Hole Size,7/8,in,Maximum Speed,13300,rpm,Abrasive Material,Precision Shaped Grain,
GT200-SKU-115,AUTONET-V12,Abranet 6 in Grip Mesh Disc 180 Grit Variant 12,-- Unbranded --,Mirka Abrasives Inc (MIRUS),Mirka Abrasives Inc,Mirka®,Mirka,Tools & Hardware>Abrasives>Coated Abrasives>Sanding Discs,"• Mirka® Abranet 6 in Grip Mesh Disc 180 Grit
• High Durability Industrial Grade",MIRKA ABRANET 6 IN GRIP MESH DISC 18,40100114,Disc Diameter,6,in,Grit,180,,Backing Weight,Mesh,,Abrasive Material,Aluminum Oxide,,Attachment Type,Grip,
GT200-SKU-116,KRAFTFORM-V12,Kraftform Plus Slotted Screwdriver 1/4 in Variant 12,-- Unbranded --,Wera Tools NA Inc (WERTO),Wera Tools NA Inc,Wera®,Wera,Tools & Hardware>Hand Tools>Screwdrivers,"• Wera® Kraftform Plus Slotted Screwdriver 1/4 in
• High Durability Industrial Grade",WERA KRAFTFORM PLUS SLOTTED SCREWDR,40100115,Tip Size,1/4,in,Shank Length,4,in,Handle Material,Multi-Component,,Overall Length,8-1/2,in,Tip Type,Slotted,
GT200-SKU-117,SHOCKWAVE-V12,Shockwave Impact Duty Insert Bit PH2 Variant 12,-- Unbranded --,Milwaukee Accessory (4031),Milwaukee Accessory,Milwaukee®,Milwaukee,Tools & Hardware>Power Tool Accessories>Driver Bits,"• Milwaukee® Shockwave Impact Duty Insert Bit PH2
• High Durability Industrial Grade",MILWAUKEE SHOCKWAVE IMPACT DUTY INSERT B,40100116,Drive Size,1/4,in,Bit Size,PH2,,Overall Length,1,in,Material,Alloy Steel,,Shank Type,Hex,
GT200-SKU-118,5362-W-V12,Extra Heavy Duty Industrial Grade Duplex Receptacle 20A 125V Variant 12,-- Unbranded --,Leviton Mfg Co (4927),Leviton Mfg Co,Leviton®,Leviton,Electrical & Lighting>Wiring Devices>Receptacles,"• Leviton® Extra Heavy Duty Industrial Grade Duplex Receptacle 20A 125V
• High Durability Industrial Grade",LEVITON EXTRA HEAVY DUTY INDUSTRIAL GR,40100117,Voltage Rating,125,V,Amperage Rating,20,A,NEMA Configuration,5-20R,,Number of Poles,2,,Color,White,
GT200-SKU-119,AH5966Y-V12,Arrow Hart Safety Grip Heavy Duty Plug 15A 125V Variant 12,-- Unbranded --,Cooper Wiring Devices (3560),Cooper Wiring Devices,Cooper®,Cooper,Electrical & Lighting>Wiring Devices>Plugs & Connectors,"• Cooper® Arrow Hart Safety Grip Heavy Duty Plug 15A 125V
• High Durability Industrial Grade",COOPER ARROW HART SAFETY GRIP HEAVY D,40100118,Voltage Rating,125,V,Amperage Rating,15,A,NEMA Configuration,5-15P,,Number of Wires,3,,Material,Nylon,
GT200-SKU-120,TYPE-X-V12,Fire-Rated Type X Gypsum Board 5/8 in x 4 ft x 8 ft Variant 12,-- Unbranded --,Certainteed Gypsum (2765),Certainteed Gypsum,CertainTeed®,CertainTeed,Building Materials>Drywall>Gypsum Panels,"• CertainTeed® Fire-Rated Type X Gypsum Board 5/8 in x 4 ft x 8 ft
• High Durability Industrial Grade",CERTAINTEED FIRE-RATED TYPE X GYPSUM BOARD,40100119,Thickness,5/8,in,Width,4,ft,Length,8,ft,Fire Rating,Type X,,Edge Detail,Tapered,
GT200-SKU-121,PDSH4816AF-V13,PDSH4816AF Dishwasher SS Built-In Variant 13,-- Unbranded --,Appliance Dealers Cooperative (APPDE),Rheem Manufacturing,FRIGIDAIRE®,FRIGIDAIRE,Appliances & Consumer Electronics>Kitchen Appliances>Built-In Dishwashers,"• FRIGIDAIRE® PDSH4816AF Dishwasher SS Built-In
• High Durability Industrial Grade",FRIGIDAIRE PDSH4816AF DISHWASHER SS BUILT,40100120,Voltage Rating,120,V,Amperage Rating,15,A,Sound Level,47,dBA,Material,Stainless Steel,,Depth With Door Open,50-1/4,in
GT200-SKU-122,WDTS7024RZ-V13,WDTS7024RZ Eco Series Dishwasher SS Variant 13,-- Unbranded --,Appliance Dealers Cooperative (APPDE),Whirlpool Corporation,Whirlpool®,Whirlpool,Appliances & Consumer Electronics>Kitchen Appliances>Built-In Dishwashers,"• Whirlpool® WDTS7024RZ Eco Series Dishwasher SS
• High Durability Industrial Grade",WHIRLPOOL WDTS7024RZ ECO SERIES DISHWASH,40100121,Voltage Rating,120,V,Amperage Rating,10,A,Sound Level,41,dBA,Material,Stainless Steel,,Depth With Door Open,50-3/16,in
GT200-SKU-123,D0724A-V13,Framing Saw Blade 7-1/4 in 24T Variant 13,-- Unbranded --,Freud Inc (2435),Freud Inc,Diablo®,Diablo,Tools & Hardware>Power Tool Accessories>Saw Blades,"• Diablo® Framing Saw Blade 7-1/4 in 24T
• High Durability Industrial Grade",DIABLO FRAMING SAW BLADE 7-1/4 IN 24T,40100122,Blade Diameter,7-1/4,in,Number of Teeth,24,,Arbor Size,5/8,in,Kerf Thickness,0.059,in,Material,Carbide,
GT200-SKU-124,3MABR-V13,Cubitron II Cut-Off Wheel 4-1/2 in Variant 13,-- Unbranded --,3 M Co (5293),3 M Co,3M®,3M,Tools & Hardware>Abrasives>Bonded Abrasives>Cut-Off Wheels,"• 3M® Cubitron II Cut-Off Wheel 4-1/2 in
• High Durability Industrial Grade",3M CUBITRON II CUT-OFF WHEEL 4-1/,40100123,Wheel Diameter,4-1/2,in,Thickness,0.045,in,Arbor Hole Size,7/8,in,Maximum Speed,13300,rpm,Abrasive Material,Precision Shaped Grain,
GT200-SKU-125,AUTONET-V13,Abranet 6 in Grip Mesh Disc 180 Grit Variant 13,-- Unbranded --,Mirka Abrasives Inc (MIRUS),Mirka Abrasives Inc,Mirka®,Mirka,Tools & Hardware>Abrasives>Coated Abrasives>Sanding Discs,"• Mirka® Abranet 6 in Grip Mesh Disc 180 Grit
• High Durability Industrial Grade",MIRKA ABRANET 6 IN GRIP MESH DISC 18,40100124,Disc Diameter,6,in,Grit,180,,Backing Weight,Mesh,,Abrasive Material,Aluminum Oxide,,Attachment Type,Grip,
GT200-SKU-126,KRAFTFORM-V13,Kraftform Plus Slotted Screwdriver 1/4 in Variant 13,-- Unbranded --,Wera Tools NA Inc (WERTO),Wera Tools NA Inc,Wera®,Wera,Tools & Hardware>Hand Tools>Screwdrivers,"• Wera® Kraftform Plus Slotted Screwdriver 1/4 in
• High Durability Industrial Grade",WERA KRAFTFORM PLUS SLOTTED SCREWDR,40100125,Tip Size,1/4,in,Shank Length,4,in,Handle Material,Multi-Component,,Overall Length,8-1/2,in,Tip Type,Slotted,
GT200-SKU-127,SHOCKWAVE-V13,Shockwave Impact Duty Insert Bit PH2 Variant 13,-- Unbranded --,Milwaukee Accessory (4031),Milwaukee Accessory,Milwaukee®,Milwaukee,Tools & Hardware>Power Tool Accessories>Driver Bits,"• Milwaukee® Shockwave Impact Duty Insert Bit PH2
• High Durability Industrial Grade",MILWAUKEE SHOCKWAVE IMPACT DUTY INSERT B,40100126,Drive Size,1/4,in,Bit Size,PH2,,Overall Length,1,in,Material,Alloy Steel,,Shank Type,Hex,
GT200-SKU-128,5362-W-V13,Extra Heavy Duty Industrial Grade Duplex Receptacle 20A 125V Variant 13,-- Unbranded --,Leviton Mfg Co (4927),Leviton Mfg Co,Leviton®,Leviton,Electrical & Lighting>Wiring Devices>Receptacles,"• Leviton® Extra Heavy Duty Industrial Grade Duplex Receptacle 20A 125V
• High Durability Industrial Grade",LEVITON EXTRA HEAVY DUTY INDUSTRIAL GR,40100127,Voltage Rating,125,V,Amperage Rating,20,A,NEMA Configuration,5-20R,,Number of Poles,2,,Color,White,
GT200-SKU-129,AH5966Y-V13,Arrow Hart Safety Grip Heavy Duty Plug 15A 125V Variant 13,-- Unbranded --,Cooper Wiring Devices (3560),Cooper Wiring Devices,Cooper®,Cooper,Electrical & Lighting>Wiring Devices>Plugs & Connectors,"• Cooper® Arrow Hart Safety Grip Heavy Duty Plug 15A 125V
• High Durability Industrial Grade",COOPER ARROW HART SAFETY GRIP HEAVY D,40100128,Voltage Rating,125,V,Amperage Rating,15,A,NEMA Configuration,5-15P,,Number of Wires,3,,Material,Nylon,
GT200-SKU-130,TYPE-X-V13,Fire-Rated Type X Gypsum Board 5/8 in x 4 ft x 8 ft Variant 13,-- Unbranded --,Certainteed Gypsum (2765),Certainteed Gypsum,CertainTeed®,CertainTeed,Building Materials>Drywall>Gypsum Panels,"• CertainTeed® Fire-Rated Type X Gypsum Board 5/8 in x 4 ft x 8 ft
• High Durability Industrial Grade",CERTAINTEED FIRE-RATED TYPE X GYPSUM BOARD,40100129,Thickness,5/8,in,Width,4,ft,Length,8,ft,Fire Rating,Type X,,Edge Detail,Tapered,
GT200-SKU-131,PDSH4816AF-V14,PDSH4816AF Dishwasher SS Built-In Variant 14,-- Unbranded --,Appliance Dealers Cooperative (APPDE),Rheem Manufacturing,FRIGIDAIRE®,FRIGIDAIRE,Appliances & Consumer Electronics>Kitchen Appliances>Built-In Dishwashers,"• FRIGIDAIRE® PDSH4816AF Dishwasher SS Built-In
• High Durability Industrial Grade",FRIGIDAIRE PDSH4816AF DISHWASHER SS BUILT,40100130,Voltage Rating,120,V,Amperage Rating,15,A,Sound Level,47,dBA,Material,Stainless Steel,,Depth With Door Open,50-1/4,in
GT200-SKU-132,WDTS7024RZ-V14,WDTS7024RZ Eco Series Dishwasher SS Variant 14,-- Unbranded --,Appliance Dealers Cooperative (APPDE),Whirlpool Corporation,Whirlpool®,Whirlpool,Appliances & Consumer Electronics>Kitchen Appliances>Built-In Dishwashers,"• Whirlpool® WDTS7024RZ Eco Series Dishwasher SS
• High Durability Industrial Grade",WHIRLPOOL WDTS7024RZ ECO SERIES DISHWASH,40100131,Voltage Rating,120,V,Amperage Rating,10,A,Sound Level,41,dBA,Material,Stainless Steel,,Depth With Door Open,50-3/16,in
GT200-SKU-133,D0724A-V14,Framing Saw Blade 7-1/4 in 24T Variant 14,-- Unbranded --,Freud Inc (2435),Freud Inc,Diablo®,Diablo,Tools & Hardware>Power Tool Accessories>Saw Blades,"• Diablo® Framing Saw Blade 7-1/4 in 24T
• High Durability Industrial Grade",DIABLO FRAMING SAW BLADE 7-1/4 IN 24T,40100132,Blade Diameter,7-1/4,in,Number of Teeth,24,,Arbor Size,5/8,in,Kerf Thickness,0.059,in,Material,Carbide,
GT200-SKU-134,3MABR-V14,Cubitron II Cut-Off Wheel 4-1/2 in Variant 14,-- Unbranded --,3 M Co (5293),3 M Co,3M®,3M,Tools & Hardware>Abrasives>Bonded Abrasives>Cut-Off Wheels,"• 3M® Cubitron II Cut-Off Wheel 4-1/2 in
• High Durability Industrial Grade",3M CUBITRON II CUT-OFF WHEEL 4-1/,40100133,Wheel Diameter,4-1/2,in,Thickness,0.045,in,Arbor Hole Size,7/8,in,Maximum Speed,13300,rpm,Abrasive Material,Precision Shaped Grain,
GT200-SKU-135,AUTONET-V14,Abranet 6 in Grip Mesh Disc 180 Grit Variant 14,-- Unbranded --,Mirka Abrasives Inc (MIRUS),Mirka Abrasives Inc,Mirka®,Mirka,Tools & Hardware>Abrasives>Coated Abrasives>Sanding Discs,"• Mirka® Abranet 6 in Grip Mesh Disc 180 Grit
• High Durability Industrial Grade",MIRKA ABRANET 6 IN GRIP MESH DISC 18,40100134,Disc Diameter,6,in,Grit,180,,Backing Weight,Mesh,,Abrasive Material,Aluminum Oxide,,Attachment Type,Grip,
GT200-SKU-136,KRAFTFORM-V14,Kraftform Plus Slotted Screwdriver 1/4 in Variant 14,-- Unbranded --,Wera Tools NA Inc (WERTO),Wera Tools NA Inc,Wera®,Wera,Tools & Hardware>Hand Tools>Screwdrivers,"• Wera® Kraftform Plus Slotted Screwdriver 1/4 in
• High Durability Industrial Grade",WERA KRAFTFORM PLUS SLOTTED SCREWDR,40100135,Tip Size,1/4,in,Shank Length,4,in,Handle Material,Multi-Component,,Overall Length,8-1/2,in,Tip Type,Slotted,
GT200-SKU-137,SHOCKWAVE-V14,Shockwave Impact Duty Insert Bit PH2 Variant 14,-- Unbranded --,Milwaukee Accessory (4031),Milwaukee Accessory,Milwaukee®,Milwaukee,Tools & Hardware>Power Tool Accessories>Driver Bits,"• Milwaukee® Shockwave Impact Duty Insert Bit PH2
• High Durability Industrial Grade",MILWAUKEE SHOCKWAVE IMPACT DUTY INSERT B,40100136,Drive Size,1/4,in,Bit Size,PH2,,Overall Length,1,in,Material,Alloy Steel,,Shank Type,Hex,
GT200-SKU-138,5362-W-V14,Extra Heavy Duty Industrial Grade Duplex Receptacle 20A 125V Variant 14,-- Unbranded --,Leviton Mfg Co (4927),Leviton Mfg Co,Leviton®,Leviton,Electrical & Lighting>Wiring Devices>Receptacles,"• Leviton® Extra Heavy Duty Industrial Grade Duplex Receptacle 20A 125V
• High Durability Industrial Grade",LEVITON EXTRA HEAVY DUTY INDUSTRIAL GR,40100137,Voltage Rating,125,V,Amperage Rating,20,A,NEMA Configuration,5-20R,,Number of Poles,2,,Color,White,
GT200-SKU-139,AH5966Y-V14,Arrow Hart Safety Grip Heavy Duty Plug 15A 125V Variant 14,-- Unbranded --,Cooper Wiring Devices (3560),Cooper Wiring Devices,Cooper®,Cooper,Electrical & Lighting>Wiring Devices>Plugs & Connectors,"• Cooper® Arrow Hart Safety Grip Heavy Duty Plug 15A 125V
• High Durability Industrial Grade",COOPER ARROW HART SAFETY GRIP HEAVY D,40100138,Voltage Rating,125,V,Amperage Rating,15,A,NEMA Configuration,5-15P,,Number of Wires,3,,Material,Nylon,
GT200-SKU-140,TYPE-X-V14,Fire-Rated Type X Gypsum Board 5/8 in x 4 ft x 8 ft Variant 14,-- Unbranded --,Certainteed Gypsum (2765),Certainteed Gypsum,CertainTeed®,CertainTeed,Building Materials>Drywall>Gypsum Panels,"• CertainTeed® Fire-Rated Type X Gypsum Board 5/8 in x 4 ft x 8 ft
• High Durability Industrial Grade",CERTAINTEED FIRE-RATED TYPE X GYPSUM BOARD,40100139,Thickness,5/8,in,Width,4,ft,Length,8,ft,Fire Rating,Type X,,Edge Detail,Tapered,
GT200-SKU-141,PDSH4816AF-V15,PDSH4816AF Dishwasher SS Built-In Variant 15,-- Unbranded --,Appliance Dealers Cooperative (APPDE),Rheem Manufacturing,FRIGIDAIRE®,FRIGIDAIRE,Appliances & Consumer Electronics>Kitchen Appliances>Built-In Dishwashers,"• FRIGIDAIRE® PDSH4816AF Dishwasher SS Built-In
• High Durability Industrial Grade",FRIGIDAIRE PDSH4816AF DISHWASHER SS BUILT,40100140,Voltage Rating,120,V,Amperage Rating,15,A,Sound Level,47,dBA,Material,Stainless Steel,,Depth With Door Open,50-1/4,in
GT200-SKU-142,WDTS7024RZ-V15,WDTS7024RZ Eco Series Dishwasher SS Variant 15,-- Unbranded --,Appliance Dealers Cooperative (APPDE),Whirlpool Corporation,Whirlpool®,Whirlpool,Appliances & Consumer Electronics>Kitchen Appliances>Built-In Dishwashers,"• Whirlpool® WDTS7024RZ Eco Series Dishwasher SS
• High Durability Industrial Grade",WHIRLPOOL WDTS7024RZ ECO SERIES DISHWASH,40100141,Voltage Rating,120,V,Amperage Rating,10,A,Sound Level,41,dBA,Material,Stainless Steel,,Depth With Door Open,50-3/16,in
GT200-SKU-143,D0724A-V15,Framing Saw Blade 7-1/4 in 24T Variant 15,-- Unbranded --,Freud Inc (2435),Freud Inc,Diablo®,Diablo,Tools & Hardware>Power Tool Accessories>Saw Blades,"• Diablo® Framing Saw Blade 7-1/4 in 24T
• High Durability Industrial Grade",DIABLO FRAMING SAW BLADE 7-1/4 IN 24T,40100142,Blade Diameter,7-1/4,in,Number of Teeth,24,,Arbor Size,5/8,in,Kerf Thickness,0.059,in,Material,Carbide,
GT200-SKU-144,3MABR-V15,Cubitron II Cut-Off Wheel 4-1/2 in Variant 15,-- Unbranded --,3 M Co (5293),3 M Co,3M®,3M,Tools & Hardware>Abrasives>Bonded Abrasives>Cut-Off Wheels,"• 3M® Cubitron II Cut-Off Wheel 4-1/2 in
• High Durability Industrial Grade",3M CUBITRON II CUT-OFF WHEEL 4-1/,40100143,Wheel Diameter,4-1/2,in,Thickness,0.045,in,Arbor Hole Size,7/8,in,Maximum Speed,13300,rpm,Abrasive Material,Precision Shaped Grain,
GT200-SKU-145,AUTONET-V15,Abranet 6 in Grip Mesh Disc 180 Grit Variant 15,-- Unbranded --,Mirka Abrasives Inc (MIRUS),Mirka Abrasives Inc,Mirka®,Mirka,Tools & Hardware>Abrasives>Coated Abrasives>Sanding Discs,"• Mirka® Abranet 6 in Grip Mesh Disc 180 Grit
• High Durability Industrial Grade",MIRKA ABRANET 6 IN GRIP MESH DISC 18,40100144,Disc Diameter,6,in,Grit,180,,Backing Weight,Mesh,,Abrasive Material,Aluminum Oxide,,Attachment Type,Grip,
GT200-SKU-146,KRAFTFORM-V15,Kraftform Plus Slotted Screwdriver 1/4 in Variant 15,-- Unbranded --,Wera Tools NA Inc (WERTO),Wera Tools NA Inc,Wera®,Wera,Tools & Hardware>Hand Tools>Screwdrivers,"• Wera® Kraftform Plus Slotted Screwdriver 1/4 in
• High Durability Industrial Grade",WERA KRAFTFORM PLUS SLOTTED SCREWDR,40100145,Tip Size,1/4,in,Shank Length,4,in,Handle Material,Multi-Component,,Overall Length,8-1/2,in,Tip Type,Slotted,
GT200-SKU-147,SHOCKWAVE-V15,Shockwave Impact Duty Insert Bit PH2 Variant 15,-- Unbranded --,Milwaukee Accessory (4031),Milwaukee Accessory,Milwaukee®,Milwaukee,Tools & Hardware>Power Tool Accessories>Driver Bits,"• Milwaukee® Shockwave Impact Duty Insert Bit PH2
• High Durability Industrial Grade",MILWAUKEE SHOCKWAVE IMPACT DUTY INSERT B,40100146,Drive Size,1/4,in,Bit Size,PH2,,Overall Length,1,in,Material,Alloy Steel,,Shank Type,Hex,
GT200-SKU-148,5362-W-V15,Extra Heavy Duty Industrial Grade Duplex Receptacle 20A 125V Variant 15,-- Unbranded --,Leviton Mfg Co (4927),Leviton Mfg Co,Leviton®,Leviton,Electrical & Lighting>Wiring Devices>Receptacles,"• Leviton® Extra Heavy Duty Industrial Grade Duplex Receptacle 20A 125V
• High Durability Industrial Grade",LEVITON EXTRA HEAVY DUTY INDUSTRIAL GR,40100147,Voltage Rating,125,V,Amperage Rating,20,A,NEMA Configuration,5-20R,,Number of Poles,2,,Color,White,
GT200-SKU-149,AH5966Y-V15,Arrow Hart Safety Grip Heavy Duty Plug 15A 125V Variant 15,-- Unbranded --,Cooper Wiring Devices (3560),Cooper Wiring Devices,Cooper®,Cooper,Electrical & Lighting>Wiring Devices>Plugs & Connectors,"• Cooper® Arrow Hart Safety Grip Heavy Duty Plug 15A 125V
• High Durability Industrial Grade",COOPER ARROW HART SAFETY GRIP HEAVY D,40100148,Voltage Rating,125,V,Amperage Rating,15,A,NEMA Configuration,5-15P,,Number of Wires,3,,Material,Nylon,
GT200-SKU-150,TYPE-X-V15,Fire-Rated Type X Gypsum Board 5/8 in x 4 ft x 8 ft Variant 15,-- Unbranded --,Certainteed Gypsum (2765),Certainteed Gypsum,CertainTeed®,CertainTeed,Building Materials>Drywall>Gypsum Panels,"• CertainTeed® Fire-Rated Type X Gypsum Board 5/8 in x 4 ft x 8 ft
• High Durability Industrial Grade",CERTAINTEED FIRE-RATED TYPE X GYPSUM BOARD,40100149,Thickness,5/8,in,Width,4,ft,Length,8,ft,Fire Rating,Type X,,Edge Detail,Tapered,
GT200-SKU-151,PDSH4816AF-V16,PDSH4816AF Dishwasher SS Built-In Variant 16,-- Unbranded --,Appliance Dealers Cooperative (APPDE),Rheem Manufacturing,FRIGIDAIRE®,FRIGIDAIRE,Appliances & Consumer Electronics>Kitchen Appliances>Built-In Dishwashers,"• FRIGIDAIRE® PDSH4816AF Dishwasher SS Built-In
• High Durability Industrial Grade",FRIGIDAIRE PDSH4816AF DISHWASHER SS BUILT,40100150,Voltage Rating,120,V,Amperage Rating,15,A,Sound Level,47,dBA,Material,Stainless Steel,,Depth With Door Open,50-1/4,in
GT200-SKU-152,WDTS7024RZ-V16,WDTS7024RZ Eco Series Dishwasher SS Variant 16,-- Unbranded --,Appliance Dealers Cooperative (APPDE),Whirlpool Corporation,Whirlpool®,Whirlpool,Appliances & Consumer Electronics>Kitchen Appliances>Built-In Dishwashers,"• Whirlpool® WDTS7024RZ Eco Series Dishwasher SS
• High Durability Industrial Grade",WHIRLPOOL WDTS7024RZ ECO SERIES DISHWASH,40100151,Voltage Rating,120,V,Amperage Rating,10,A,Sound Level,41,dBA,Material,Stainless Steel,,Depth With Door Open,50-3/16,in
GT200-SKU-153,D0724A-V16,Framing Saw Blade 7-1/4 in 24T Variant 16,-- Unbranded --,Freud Inc (2435),Freud Inc,Diablo®,Diablo,Tools & Hardware>Power Tool Accessories>Saw Blades,"• Diablo® Framing Saw Blade 7-1/4 in 24T
• High Durability Industrial Grade",DIABLO FRAMING SAW BLADE 7-1/4 IN 24T,40100152,Blade Diameter,7-1/4,in,Number of Teeth,24,,Arbor Size,5/8,in,Kerf Thickness,0.059,in,Material,Carbide,
GT200-SKU-154,3MABR-V16,Cubitron II Cut-Off Wheel 4-1/2 in Variant 16,-- Unbranded --,3 M Co (5293),3 M Co,3M®,3M,Tools & Hardware>Abrasives>Bonded Abrasives>Cut-Off Wheels,"• 3M® Cubitron II Cut-Off Wheel 4-1/2 in
• High Durability Industrial Grade",3M CUBITRON II CUT-OFF WHEEL 4-1/,40100153,Wheel Diameter,4-1/2,in,Thickness,0.045,in,Arbor Hole Size,7/8,in,Maximum Speed,13300,rpm,Abrasive Material,Precision Shaped Grain,
GT200-SKU-155,AUTONET-V16,Abranet 6 in Grip Mesh Disc 180 Grit Variant 16,-- Unbranded --,Mirka Abrasives Inc (MIRUS),Mirka Abrasives Inc,Mirka®,Mirka,Tools & Hardware>Abrasives>Coated Abrasives>Sanding Discs,"• Mirka® Abranet 6 in Grip Mesh Disc 180 Grit
• High Durability Industrial Grade",MIRKA ABRANET 6 IN GRIP MESH DISC 18,40100154,Disc Diameter,6,in,Grit,180,,Backing Weight,Mesh,,Abrasive Material,Aluminum Oxide,,Attachment Type,Grip,
GT200-SKU-156,KRAFTFORM-V16,Kraftform Plus Slotted Screwdriver 1/4 in Variant 16,-- Unbranded --,Wera Tools NA Inc (WERTO),Wera Tools NA Inc,Wera®,Wera,Tools & Hardware>Hand Tools>Screwdrivers,"• Wera® Kraftform Plus Slotted Screwdriver 1/4 in
• High Durability Industrial Grade",WERA KRAFTFORM PLUS SLOTTED SCREWDR,40100155,Tip Size,1/4,in,Shank Length,4,in,Handle Material,Multi-Component,,Overall Length,8-1/2,in,Tip Type,Slotted,
GT200-SKU-157,SHOCKWAVE-V16,Shockwave Impact Duty Insert Bit PH2 Variant 16,-- Unbranded --,Milwaukee Accessory (4031),Milwaukee Accessory,Milwaukee®,Milwaukee,Tools & Hardware>Power Tool Accessories>Driver Bits,"• Milwaukee® Shockwave Impact Duty Insert Bit PH2
• High Durability Industrial Grade",MILWAUKEE SHOCKWAVE IMPACT DUTY INSERT B,40100156,Drive Size,1/4,in,Bit Size,PH2,,Overall Length,1,in,Material,Alloy Steel,,Shank Type,Hex,
GT200-SKU-158,5362-W-V16,Extra Heavy Duty Industrial Grade Duplex Receptacle 20A 125V Variant 16,-- Unbranded --,Leviton Mfg Co (4927),Leviton Mfg Co,Leviton®,Leviton,Electrical & Lighting>Wiring Devices>Receptacles,"• Leviton® Extra Heavy Duty Industrial Grade Duplex Receptacle 20A 125V
• High Durability Industrial Grade",LEVITON EXTRA HEAVY DUTY INDUSTRIAL GR,40100157,Voltage Rating,125,V,Amperage Rating,20,A,NEMA Configuration,5-20R,,Number of Poles,2,,Color,White,
GT200-SKU-159,AH5966Y-V16,Arrow Hart Safety Grip Heavy Duty Plug 15A 125V Variant 16,-- Unbranded --,Cooper Wiring Devices (3560),Cooper Wiring Devices,Cooper®,Cooper,Electrical & Lighting>Wiring Devices>Plugs & Connectors,"• Cooper® Arrow Hart Safety Grip Heavy Duty Plug 15A 125V
• High Durability Industrial Grade",COOPER ARROW HART SAFETY GRIP HEAVY D,40100158,Voltage Rating,125,V,Amperage Rating,15,A,NEMA Configuration,5-15P,,Number of Wires,3,,Material,Nylon,
GT200-SKU-160,TYPE-X-V16,Fire-Rated Type X Gypsum Board 5/8 in x 4 ft x 8 ft Variant 16,-- Unbranded --,Certainteed Gypsum (2765),Certainteed Gypsum,CertainTeed®,CertainTeed,Building Materials>Drywall>Gypsum Panels,"• CertainTeed® Fire-Rated Type X Gypsum Board 5/8 in x 4 ft x 8 ft
• High Durability Industrial Grade",CERTAINTEED FIRE-RATED TYPE X GYPSUM BOARD,40100159,Thickness,5/8,in,Width,4,ft,Length,8,ft,Fire Rating,Type X,,Edge Detail,Tapered,
GT200-SKU-161,PDSH4816AF-V17,PDSH4816AF Dishwasher SS Built-In Variant 17,-- Unbranded --,Appliance Dealers Cooperative (APPDE),Rheem Manufacturing,FRIGIDAIRE®,FRIGIDAIRE,Appliances & Consumer Electronics>Kitchen Appliances>Built-In Dishwashers,"• FRIGIDAIRE® PDSH4816AF Dishwasher SS Built-In
• High Durability Industrial Grade",FRIGIDAIRE PDSH4816AF DISHWASHER SS BUILT,40100160,Voltage Rating,120,V,Amperage Rating,15,A,Sound Level,47,dBA,Material,Stainless Steel,,Depth With Door Open,50-1/4,in
GT200-SKU-162,WDTS7024RZ-V17,WDTS7024RZ Eco Series Dishwasher SS Variant 17,-- Unbranded --,Appliance Dealers Cooperative (APPDE),Whirlpool Corporation,Whirlpool®,Whirlpool,Appliances & Consumer Electronics>Kitchen Appliances>Built-In Dishwashers,"• Whirlpool® WDTS7024RZ Eco Series Dishwasher SS
• High Durability Industrial Grade",WHIRLPOOL WDTS7024RZ ECO SERIES DISHWASH,40100161,Voltage Rating,120,V,Amperage Rating,10,A,Sound Level,41,dBA,Material,Stainless Steel,,Depth With Door Open,50-3/16,in
GT200-SKU-163,D0724A-V17,Framing Saw Blade 7-1/4 in 24T Variant 17,-- Unbranded --,Freud Inc (2435),Freud Inc,Diablo®,Diablo,Tools & Hardware>Power Tool Accessories>Saw Blades,"• Diablo® Framing Saw Blade 7-1/4 in 24T
• High Durability Industrial Grade",DIABLO FRAMING SAW BLADE 7-1/4 IN 24T,40100162,Blade Diameter,7-1/4,in,Number of Teeth,24,,Arbor Size,5/8,in,Kerf Thickness,0.059,in,Material,Carbide,
GT200-SKU-164,3MABR-V17,Cubitron II Cut-Off Wheel 4-1/2 in Variant 17,-- Unbranded --,3 M Co (5293),3 M Co,3M®,3M,Tools & Hardware>Abrasives>Bonded Abrasives>Cut-Off Wheels,"• 3M® Cubitron II Cut-Off Wheel 4-1/2 in
• High Durability Industrial Grade",3M CUBITRON II CUT-OFF WHEEL 4-1/,40100163,Wheel Diameter,4-1/2,in,Thickness,0.045,in,Arbor Hole Size,7/8,in,Maximum Speed,13300,rpm,Abrasive Material,Precision Shaped Grain,
GT200-SKU-165,AUTONET-V17,Abranet 6 in Grip Mesh Disc 180 Grit Variant 17,-- Unbranded --,Mirka Abrasives Inc (MIRUS),Mirka Abrasives Inc,Mirka®,Mirka,Tools & Hardware>Abrasives>Coated Abrasives>Sanding Discs,"• Mirka® Abranet 6 in Grip Mesh Disc 180 Grit
• High Durability Industrial Grade",MIRKA ABRANET 6 IN GRIP MESH DISC 18,40100164,Disc Diameter,6,in,Grit,180,,Backing Weight,Mesh,,Abrasive Material,Aluminum Oxide,,Attachment Type,Grip,
GT200-SKU-166,KRAFTFORM-V17,Kraftform Plus Slotted Screwdriver 1/4 in Variant 17,-- Unbranded --,Wera Tools NA Inc (WERTO),Wera Tools NA Inc,Wera®,Wera,Tools & Hardware>Hand Tools>Screwdrivers,"• Wera® Kraftform Plus Slotted Screwdriver 1/4 in
• High Durability Industrial Grade",WERA KRAFTFORM PLUS SLOTTED SCREWDR,40100165,Tip Size,1/4,in,Shank Length,4,in,Handle Material,Multi-Component,,Overall Length,8-1/2,in,Tip Type,Slotted,
GT200-SKU-167,SHOCKWAVE-V17,Shockwave Impact Duty Insert Bit PH2 Variant 17,-- Unbranded --,Milwaukee Accessory (4031),Milwaukee Accessory,Milwaukee®,Milwaukee,Tools & Hardware>Power Tool Accessories>Driver Bits,"• Milwaukee® Shockwave Impact Duty Insert Bit PH2
• High Durability Industrial Grade",MILWAUKEE SHOCKWAVE IMPACT DUTY INSERT B,40100166,Drive Size,1/4,in,Bit Size,PH2,,Overall Length,1,in,Material,Alloy Steel,,Shank Type,Hex,
GT200-SKU-168,5362-W-V17,Extra Heavy Duty Industrial Grade Duplex Receptacle 20A 125V Variant 17,-- Unbranded --,Leviton Mfg Co (4927),Leviton Mfg Co,Leviton®,Leviton,Electrical & Lighting>Wiring Devices>Receptacles,"• Leviton® Extra Heavy Duty Industrial Grade Duplex Receptacle 20A 125V
• High Durability Industrial Grade",LEVITON EXTRA HEAVY DUTY INDUSTRIAL GR,40100167,Voltage Rating,125,V,Amperage Rating,20,A,NEMA Configuration,5-20R,,Number of Poles,2,,Color,White,
GT200-SKU-169,AH5966Y-V17,Arrow Hart Safety Grip Heavy Duty Plug 15A 125V Variant 17,-- Unbranded --,Cooper Wiring Devices (3560),Cooper Wiring Devices,Cooper®,Cooper,Electrical & Lighting>Wiring Devices>Plugs & Connectors,"• Cooper® Arrow Hart Safety Grip Heavy Duty Plug 15A 125V
• High Durability Industrial Grade",COOPER ARROW HART SAFETY GRIP HEAVY D,40100168,Voltage Rating,125,V,Amperage Rating,15,A,NEMA Configuration,5-15P,,Number of Wires,3,,Material,Nylon,
GT200-SKU-170,TYPE-X-V17,Fire-Rated Type X Gypsum Board 5/8 in x 4 ft x 8 ft Variant 17,-- Unbranded --,Certainteed Gypsum (2765),Certainteed Gypsum,CertainTeed®,CertainTeed,Building Materials>Drywall>Gypsum Panels,"• CertainTeed® Fire-Rated Type X Gypsum Board 5/8 in x 4 ft x 8 ft
• High Durability Industrial Grade",CERTAINTEED FIRE-RATED TYPE X GYPSUM BOARD,40100169,Thickness,5/8,in,Width,4,ft,Length,8,ft,Fire Rating,Type X,,Edge Detail,Tapered,
GT200-SKU-171,PDSH4816AF-V18,PDSH4816AF Dishwasher SS Built-In Variant 18,-- Unbranded --,Appliance Dealers Cooperative (APPDE),Rheem Manufacturing,FRIGIDAIRE®,FRIGIDAIRE,Appliances & Consumer Electronics>Kitchen Appliances>Built-In Dishwashers,"• FRIGIDAIRE® PDSH4816AF Dishwasher SS Built-In
• High Durability Industrial Grade",FRIGIDAIRE PDSH4816AF DISHWASHER SS BUILT,40100170,Voltage Rating,120,V,Amperage Rating,15,A,Sound Level,47,dBA,Material,Stainless Steel,,Depth With Door Open,50-1/4,in
GT200-SKU-172,WDTS7024RZ-V18,WDTS7024RZ Eco Series Dishwasher SS Variant 18,-- Unbranded --,Appliance Dealers Cooperative (APPDE),Whirlpool Corporation,Whirlpool®,Whirlpool,Appliances & Consumer Electronics>Kitchen Appliances>Built-In Dishwashers,"• Whirlpool® WDTS7024RZ Eco Series Dishwasher SS
• High Durability Industrial Grade",WHIRLPOOL WDTS7024RZ ECO SERIES DISHWASH,40100171,Voltage Rating,120,V,Amperage Rating,10,A,Sound Level,41,dBA,Material,Stainless Steel,,Depth With Door Open,50-3/16,in
GT200-SKU-173,D0724A-V18,Framing Saw Blade 7-1/4 in 24T Variant 18,-- Unbranded --,Freud Inc (2435),Freud Inc,Diablo®,Diablo,Tools & Hardware>Power Tool Accessories>Saw Blades,"• Diablo® Framing Saw Blade 7-1/4 in 24T
• High Durability Industrial Grade",DIABLO FRAMING SAW BLADE 7-1/4 IN 24T,40100172,Blade Diameter,7-1/4,in,Number of Teeth,24,,Arbor Size,5/8,in,Kerf Thickness,0.059,in,Material,Carbide,
GT200-SKU-174,3MABR-V18,Cubitron II Cut-Off Wheel 4-1/2 in Variant 18,-- Unbranded --,3 M Co (5293),3 M Co,3M®,3M,Tools & Hardware>Abrasives>Bonded Abrasives>Cut-Off Wheels,"• 3M® Cubitron II Cut-Off Wheel 4-1/2 in
• High Durability Industrial Grade",3M CUBITRON II CUT-OFF WHEEL 4-1/,40100173,Wheel Diameter,4-1/2,in,Thickness,0.045,in,Arbor Hole Size,7/8,in,Maximum Speed,13300,rpm,Abrasive Material,Precision Shaped Grain,
GT200-SKU-175,AUTONET-V18,Abranet 6 in Grip Mesh Disc 180 Grit Variant 18,-- Unbranded --,Mirka Abrasives Inc (MIRUS),Mirka Abrasives Inc,Mirka®,Mirka,Tools & Hardware>Abrasives>Coated Abrasives>Sanding Discs,"• Mirka® Abranet 6 in Grip Mesh Disc 180 Grit
• High Durability Industrial Grade",MIRKA ABRANET 6 IN GRIP MESH DISC 18,40100174,Disc Diameter,6,in,Grit,180,,Backing Weight,Mesh,,Abrasive Material,Aluminum Oxide,,Attachment Type,Grip,
GT200-SKU-176,KRAFTFORM-V18,Kraftform Plus Slotted Screwdriver 1/4 in Variant 18,-- Unbranded --,Wera Tools NA Inc (WERTO),Wera Tools NA Inc,Wera®,Wera,Tools & Hardware>Hand Tools>Screwdrivers,"• Wera® Kraftform Plus Slotted Screwdriver 1/4 in
• High Durability Industrial Grade",WERA KRAFTFORM PLUS SLOTTED SCREWDR,40100175,Tip Size,1/4,in,Shank Length,4,in,Handle Material,Multi-Component,,Overall Length,8-1/2,in,Tip Type,Slotted,
GT200-SKU-177,SHOCKWAVE-V18,Shockwave Impact Duty Insert Bit PH2 Variant 18,-- Unbranded --,Milwaukee Accessory (4031),Milwaukee Accessory,Milwaukee®,Milwaukee,Tools & Hardware>Power Tool Accessories>Driver Bits,"• Milwaukee® Shockwave Impact Duty Insert Bit PH2
• High Durability Industrial Grade",MILWAUKEE SHOCKWAVE IMPACT DUTY INSERT B,40100176,Drive Size,1/4,in,Bit Size,PH2,,Overall Length,1,in,Material,Alloy Steel,,Shank Type,Hex,
GT200-SKU-178,5362-W-V18,Extra Heavy Duty Industrial Grade Duplex Receptacle 20A 125V Variant 18,-- Unbranded --,Leviton Mfg Co (4927),Leviton Mfg Co,Leviton®,Leviton,Electrical & Lighting>Wiring Devices>Receptacles,"• Leviton® Extra Heavy Duty Industrial Grade Duplex Receptacle 20A 125V
• High Durability Industrial Grade",LEVITON EXTRA HEAVY DUTY INDUSTRIAL GR,40100177,Voltage Rating,125,V,Amperage Rating,20,A,NEMA Configuration,5-20R,,Number of Poles,2,,Color,White,
GT200-SKU-179,AH5966Y-V18,Arrow Hart Safety Grip Heavy Duty Plug 15A 125V Variant 18,-- Unbranded --,Cooper Wiring Devices (3560),Cooper Wiring Devices,Cooper®,Cooper,Electrical & Lighting>Wiring Devices>Plugs & Connectors,"• Cooper® Arrow Hart Safety Grip Heavy Duty Plug 15A 125V
• High Durability Industrial Grade",COOPER ARROW HART SAFETY GRIP HEAVY D,40100178,Voltage Rating,125,V,Amperage Rating,15,A,NEMA Configuration,5-15P,,Number of Wires,3,,Material,Nylon,
GT200-SKU-180,TYPE-X-V18,Fire-Rated Type X Gypsum Board 5/8 in x 4 ft x 8 ft Variant 18,-- Unbranded --,Certainteed Gypsum (2765),Certainteed Gypsum,CertainTeed®,CertainTeed,Building Materials>Drywall>Gypsum Panels,"• CertainTeed® Fire-Rated Type X Gypsum Board 5/8 in x 4 ft x 8 ft
• High Durability Industrial Grade",CERTAINTEED FIRE-RATED TYPE X GYPSUM BOARD,40100179,Thickness,5/8,in,Width,4,ft,Length,8,ft,Fire Rating,Type X,,Edge Detail,Tapered,
GT200-SKU-181,PDSH4816AF-V19,PDSH4816AF Dishwasher SS Built-In Variant 19,-- Unbranded --,Appliance Dealers Cooperative (APPDE),Rheem Manufacturing,FRIGIDAIRE®,FRIGIDAIRE,Appliances & Consumer Electronics>Kitchen Appliances>Built-In Dishwashers,"• FRIGIDAIRE® PDSH4816AF Dishwasher SS Built-In
• High Durability Industrial Grade",FRIGIDAIRE PDSH4816AF DISHWASHER SS BUILT,40100180,Voltage Rating,120,V,Amperage Rating,15,A,Sound Level,47,dBA,Material,Stainless Steel,,Depth With Door Open,50-1/4,in
GT200-SKU-182,WDTS7024RZ-V19,WDTS7024RZ Eco Series Dishwasher SS Variant 19,-- Unbranded --,Appliance Dealers Cooperative (APPDE),Whirlpool Corporation,Whirlpool®,Whirlpool,Appliances & Consumer Electronics>Kitchen Appliances>Built-In Dishwashers,"• Whirlpool® WDTS7024RZ Eco Series Dishwasher SS
• High Durability Industrial Grade",WHIRLPOOL WDTS7024RZ ECO SERIES DISHWASH,40100181,Voltage Rating,120,V,Amperage Rating,10,A,Sound Level,41,dBA,Material,Stainless Steel,,Depth With Door Open,50-3/16,in
GT200-SKU-183,D0724A-V19,Framing Saw Blade 7-1/4 in 24T Variant 19,-- Unbranded --,Freud Inc (2435),Freud Inc,Diablo®,Diablo,Tools & Hardware>Power Tool Accessories>Saw Blades,"• Diablo® Framing Saw Blade 7-1/4 in 24T
• High Durability Industrial Grade",DIABLO FRAMING SAW BLADE 7-1/4 IN 24T,40100182,Blade Diameter,7-1/4,in,Number of Teeth,24,,Arbor Size,5/8,in,Kerf Thickness,0.059,in,Material,Carbide,
GT200-SKU-184,3MABR-V19,Cubitron II Cut-Off Wheel 4-1/2 in Variant 19,-- Unbranded --,3 M Co (5293),3 M Co,3M®,3M,Tools & Hardware>Abrasives>Bonded Abrasives>Cut-Off Wheels,"• 3M® Cubitron II Cut-Off Wheel 4-1/2 in
• High Durability Industrial Grade",3M CUBITRON II CUT-OFF WHEEL 4-1/,40100183,Wheel Diameter,4-1/2,in,Thickness,0.045,in,Arbor Hole Size,7/8,in,Maximum Speed,13300,rpm,Abrasive Material,Precision Shaped Grain,
GT200-SKU-185,AUTONET-V19,Abranet 6 in Grip Mesh Disc 180 Grit Variant 19,-- Unbranded --,Mirka Abrasives Inc (MIRUS),Mirka Abrasives Inc,Mirka®,Mirka,Tools & Hardware>Abrasives>Coated Abrasives>Sanding Discs,"• Mirka® Abranet 6 in Grip Mesh Disc 180 Grit
• High Durability Industrial Grade",MIRKA ABRANET 6 IN GRIP MESH DISC 18,40100184,Disc Diameter,6,in,Grit,180,,Backing Weight,Mesh,,Abrasive Material,Aluminum Oxide,,Attachment Type,Grip,
GT200-SKU-186,KRAFTFORM-V19,Kraftform Plus Slotted Screwdriver 1/4 in Variant 19,-- Unbranded --,Wera Tools NA Inc (WERTO),Wera Tools NA Inc,Wera®,Wera,Tools & Hardware>Hand Tools>Screwdrivers,"• Wera® Kraftform Plus Slotted Screwdriver 1/4 in
• High Durability Industrial Grade",WERA KRAFTFORM PLUS SLOTTED SCREWDR,40100185,Tip Size,1/4,in,Shank Length,4,in,Handle Material,Multi-Component,,Overall Length,8-1/2,in,Tip Type,Slotted,
GT200-SKU-187,SHOCKWAVE-V19,Shockwave Impact Duty Insert Bit PH2 Variant 19,-- Unbranded --,Milwaukee Accessory (4031),Milwaukee Accessory,Milwaukee®,Milwaukee,Tools & Hardware>Power Tool Accessories>Driver Bits,"• Milwaukee® Shockwave Impact Duty Insert Bit PH2
• High Durability Industrial Grade",MILWAUKEE SHOCKWAVE IMPACT DUTY INSERT B,40100186,Drive Size,1/4,in,Bit Size,PH2,,Overall Length,1,in,Material,Alloy Steel,,Shank Type,Hex,
GT200-SKU-188,5362-W-V19,Extra Heavy Duty Industrial Grade Duplex Receptacle 20A 125V Variant 19,-- Unbranded --,Leviton Mfg Co (4927),Leviton Mfg Co,Leviton®,Leviton,Electrical & Lighting>Wiring Devices>Receptacles,"• Leviton® Extra Heavy Duty Industrial Grade Duplex Receptacle 20A 125V
• High Durability Industrial Grade",LEVITON EXTRA HEAVY DUTY INDUSTRIAL GR,40100187,Voltage Rating,125,V,Amperage Rating,20,A,NEMA Configuration,5-20R,,Number of Poles,2,,Color,White,
GT200-SKU-189,AH5966Y-V19,Arrow Hart Safety Grip Heavy Duty Plug 15A 125V Variant 19,-- Unbranded --,Cooper Wiring Devices (3560),Cooper Wiring Devices,Cooper®,Cooper,Electrical & Lighting>Wiring Devices>Plugs & Connectors,"• Cooper® Arrow Hart Safety Grip Heavy Duty Plug 15A 125V
• High Durability Industrial Grade",COOPER ARROW HART SAFETY GRIP HEAVY D,40100188,Voltage Rating,125,V,Amperage Rating,15,A,NEMA Configuration,5-15P,,Number of Wires,3,,Material,Nylon,
GT200-SKU-190,TYPE-X-V19,Fire-Rated Type X Gypsum Board 5/8 in x 4 ft x 8 ft Variant 19,-- Unbranded --,Certainteed Gypsum (2765),Certainteed Gypsum,CertainTeed®,CertainTeed,Building Materials>Drywall>Gypsum Panels,"• CertainTeed® Fire-Rated Type X Gypsum Board 5/8 in x 4 ft x 8 ft
• High Durability Industrial Grade",CERTAINTEED FIRE-RATED TYPE X GYPSUM BOARD,40100189,Thickness,5/8,in,Width,4,ft,Length,8,ft,Fire Rating,Type X,,Edge Detail,Tapered,
GT200-SKU-191,PDSH4816AF-V20,PDSH4816AF Dishwasher SS Built-In Variant 20,-- Unbranded --,Appliance Dealers Cooperative (APPDE),Rheem Manufacturing,FRIGIDAIRE®,FRIGIDAIRE,Appliances & Consumer Electronics>Kitchen Appliances>Built-In Dishwashers,"• FRIGIDAIRE® PDSH4816AF Dishwasher SS Built-In
• High Durability Industrial Grade",FRIGIDAIRE PDSH4816AF DISHWASHER SS BUILT,40100190,Voltage Rating,120,V,Amperage Rating,15,A,Sound Level,47,dBA,Material,Stainless Steel,,Depth With Door Open,50-1/4,in
GT200-SKU-192,WDTS7024RZ-V20,WDTS7024RZ Eco Series Dishwasher SS Variant 20,-- Unbranded --,Appliance Dealers Cooperative (APPDE),Whirlpool Corporation,Whirlpool®,Whirlpool,Appliances & Consumer Electronics>Kitchen Appliances>Built-In Dishwashers,"• Whirlpool® WDTS7024RZ Eco Series Dishwasher SS
• High Durability Industrial Grade",WHIRLPOOL WDTS7024RZ ECO SERIES DISHWASH,40100191,Voltage Rating,120,V,Amperage Rating,10,A,Sound Level,41,dBA,Material,Stainless Steel,,Depth With Door Open,50-3/16,in
GT200-SKU-193,D0724A-V20,Framing Saw Blade 7-1/4 in 24T Variant 20,-- Unbranded --,Freud Inc (2435),Freud Inc,Diablo®,Diablo,Tools & Hardware>Power Tool Accessories>Saw Blades,"• Diablo® Framing Saw Blade 7-1/4 in 24T
• High Durability Industrial Grade",DIABLO FRAMING SAW BLADE 7-1/4 IN 24T,40100192,Blade Diameter,7-1/4,in,Number of Teeth,24,,Arbor Size,5/8,in,Kerf Thickness,0.059,in,Material,Carbide,
GT200-SKU-194,3MABR-V20,Cubitron II Cut-Off Wheel 4-1/2 in Variant 20,-- Unbranded --,3 M Co (5293),3 M Co,3M®,3M,Tools & Hardware>Abrasives>Bonded Abrasives>Cut-Off Wheels,"• 3M® Cubitron II Cut-Off Wheel 4-1/2 in
• High Durability Industrial Grade",3M CUBITRON II CUT-OFF WHEEL 4-1/,40100193,Wheel Diameter,4-1/2,in,Thickness,0.045,in,Arbor Hole Size,7/8,in,Maximum Speed,13300,rpm,Abrasive Material,Precision Shaped Grain,
GT200-SKU-195,AUTONET-V20,Abranet 6 in Grip Mesh Disc 180 Grit Variant 20,-- Unbranded --,Mirka Abrasives Inc (MIRUS),Mirka Abrasives Inc,Mirka®,Mirka,Tools & Hardware>Abrasives>Coated Abrasives>Sanding Discs,"• Mirka® Abranet 6 in Grip Mesh Disc 180 Grit
• High Durability Industrial Grade",MIRKA ABRANET 6 IN GRIP MESH DISC 18,40100194,Disc Diameter,6,in,Grit,180,,Backing Weight,Mesh,,Abrasive Material,Aluminum Oxide,,Attachment Type,Grip,
GT200-SKU-196,KRAFTFORM-V20,Kraftform Plus Slotted Screwdriver 1/4 in Variant 20,-- Unbranded --,Wera Tools NA Inc (WERTO),Wera Tools NA Inc,Wera®,Wera,Tools & Hardware>Hand Tools>Screwdrivers,"• Wera® Kraftform Plus Slotted Screwdriver 1/4 in
• High Durability Industrial Grade",WERA KRAFTFORM PLUS SLOTTED SCREWDR,40100195,Tip Size,1/4,in,Shank Length,4,in,Handle Material,Multi-Component,,Overall Length,8-1/2,in,Tip Type,Slotted,
GT200-SKU-197,SHOCKWAVE-V20,Shockwave Impact Duty Insert Bit PH2 Variant 20,-- Unbranded --,Milwaukee Accessory (4031),Milwaukee Accessory,Milwaukee®,Milwaukee,Tools & Hardware>Power Tool Accessories>Driver Bits,"• Milwaukee® Shockwave Impact Duty Insert Bit PH2
• High Durability Industrial Grade",MILWAUKEE SHOCKWAVE IMPACT DUTY INSERT B,40100196,Drive Size,1/4,in,Bit Size,PH2,,Overall Length,1,in,Material,Alloy Steel,,Shank Type,Hex,
GT200-SKU-198,5362-W-V20,Extra Heavy Duty Industrial Grade Duplex Receptacle 20A 125V Variant 20,-- Unbranded --,Leviton Mfg Co (4927),Leviton Mfg Co,Leviton®,Leviton,Electrical & Lighting>Wiring Devices>Receptacles,"• Leviton® Extra Heavy Duty Industrial Grade Duplex Receptacle 20A 125V
• High Durability Industrial Grade",LEVITON EXTRA HEAVY DUTY INDUSTRIAL GR,40100197,Voltage Rating,125,V,Amperage Rating,20,A,NEMA Configuration,5-20R,,Number of Poles,2,,Color,White,
GT200-SKU-199,AH5966Y-V20,Arrow Hart Safety Grip Heavy Duty Plug 15A 125V Variant 20,-- Unbranded --,Cooper Wiring Devices (3560),Cooper Wiring Devices,Cooper®,Cooper,Electrical & Lighting>Wiring Devices>Plugs & Connectors,"• Cooper® Arrow Hart Safety Grip Heavy Duty Plug 15A 125V
• High Durability Industrial Grade",COOPER ARROW HART SAFETY GRIP HEAVY D,40100198,Voltage Rating,125,V,Amperage Rating,15,A,NEMA Configuration,5-15P,,Number of Wires,3,,Material,Nylon,
GT200-SKU-200,TYPE-X-V20,Fire-Rated Type X Gypsum Board 5/8 in x 4 ft x 8 ft Variant 20,-- Unbranded --,Certainteed Gypsum (2765),Certainteed Gypsum,CertainTeed®,CertainTeed,Building Materials>Drywall>Gypsum Panels,"• CertainTeed® Fire-Rated Type X Gypsum Board 5/8 in x 4 ft x 8 ft
• High Durability Industrial Grade",CERTAINTEED FIRE-RATED TYPE X GYPSUM BOARD,40100199,Thickness,5/8,in,Width,4,ft,Length,8,ft,Fire Rating,Type X,,Edge Detail,Tapered,
